game_year,team,team_tm_major,team_tm_minor,KBO_ID,TM_ID,NAME,POS,BackNum,engName,Birthday,Height,Weight,pitcherthrows,batterside
-,-,-,-,-,-,-,P,-,-,-,-,-,-,-
-,-,-,-,-,-,-,NP,-,-,-,-,-,-,-
2025,KT,KT_WIZ,MIN_KTW,53006,53006,강건,P,99,"Kang, Gun",20040712,183,85,Right,Right
2025,KT,KT_WIZ,MIN_KTW,69064,69064,강민성,IF,5,"Kang, Min Sung",19991208,180,85,Right,Right
2025,KT,KT_WIZ,MIN_KTW,68050,68050,강백호,C,50,"Kang, Baek Ho",19990729,184,98,Right,Left
2025,KT,KT_WIZ,MIN_KTW,50066,50066,강현우,C,55,"Kang, Hyeon Woo",20010413,180,90,Right,Right
2025,KT,KT_WIZ,MIN_KTW,64001,64001,고영표,P,1,"Ko, Young Pyo",19910916,187,88,Right,Right
2025,KT,KT_WIZ,MIN_KTW,51003,51003,권동진,IF,52,"Kwon, Dong Jin",19980912,178,83,Right,Left
2025,KT,KT_WIZ,MIN_KTW,52003,52003,권성준,P,115,"Kwon, Sung Jun",20030309,185,88,Left,Left
2025,KT,KT_WIZ,MIN_KTW,51005,51005,김건형,OF,0,"Kim, Geon Hyoung",19960712,182,83,Right,Left
2025,KT,KT_WIZ,MIN_KTW,55040,55040,김동현,P,40,"Kim, Dong Hyun",20060121,193,97,Right,Right
2025,KT,KT_WIZ,MIN_KTW,54097,54097,김민석,C,97,"Kim, Min Seok",20050722,181,93,Right,Right
2025,KT,KT_WIZ,MIN_KTW,65048,65048,김민수,P,26,"Kim, Min Su",19920724,188,80,Right,Right
2025,KT,KT_WIZ,MIN_KTW,64004,64004,김민혁,OF,53,"Kim, Min Hyuck",19951121,181,71,Right,Left
2025,KT,KT_WIZ,MIN_KTW,52002,52002,김병준,OF,57,"Kim, Byung Jun",20030703,175,80,Right,Left
2025,KT,KT_WIZ,MIN_KTW,79402,79402,김상수,IF,7,"Kim, Sang Su",19900323,175,68,Right,Right
2025,KT,KT_WIZ,MIN_KTW,55043,55043,김재원,P,43,"Kim, Jae Won",20060821,190,90,Right,Right
2025,KT,KT_WIZ,MIN_KTW,51299,51299,김주완,P,98,"Kim, Ju Wan",19991007,180,77,Left,Left
2025,KT,KT_WIZ,MIN_KTW,62558,62558,김준태,C,44,"Kim, Jun Tae",19940731,175,91,Right,Left
2025,KT,KT_WIZ,MIN_KTW,68906,68906,김철호,IF,9,"Kim, Cheol Ho",19980206,182,87,Right,Left
2025,KT,KT_WIZ,MIN_KTW,66064,66064,김태오,P,20,"Kim, Tae O",19970729,183,84,Left,Left
2025,KT,KT_WIZ,MIN_KTW,67025,592692,로하스,OF,3,"Rojas, Mel",19900524,189,102,Right,Left
2025,KT,KT_WIZ,MIN_KTW,50007,50007,문상준,IF,113,"Moon, Sang Jun",20010314,183,80,Right,Right
2025,KT,KT_WIZ,MIN_KTW,64007,64007,문상철,IF,24,"Moon, Sang Chul",19910406,184,85,Right,Right
2025,KT,KT_WIZ,MIN_KTW,67419,67419,문용익,P,18,"Mon, Yong Ik",19950204,178,93,Right,Right
2025,KT,KT_WIZ,MIN_KTW,55046,55046,박건우,P,46,"Park, Geon Woo",20061128,182,95,Right,Right
2025,KT,KT_WIZ,MIN_KTW,55004,55004,박민석,OF,104,"Park, Min Seok",20060727,178,83,Right,Right
2025,KT,KT_WIZ,MIN_KTW,69056,69056,박민석,IF,2,"Park, Min Seok",20000413,180,77,Right,Right
2025,KT,KT_WIZ,MIN_KTW,66047,66047,박세진,P,33,"Park, Se Jin",19970627,178,93,Left,Left
2025,KT,KT_WIZ,MIN_KTW,52060,52060,박영현,P,60,"Park, Young Hyun",20031011,183,91,Right,Right
2025,KT,KT_WIZ,MIN_KTW,55002,55002,박준혁,P,102,"Park, Jun Hyuk",20060310,178,84,Right,Right
2025,KT,KT_WIZ,MIN_KTW,54009,54009,박태완,IF,58,"Park, Tae Wan",20050904,173,77,Right,Right
2025,KT,KT_WIZ,MIN_KTW,64166,64166,배정대,OF,27,"Bae, Jung Dae",19950612,185,80,Right,Right
2025,KT,KT_WIZ,MIN_KTW,50109,50109,성재헌,P,15,"Sung, Jae Heon",19971222,175,82,Left,Left
2025,KT,KT_WIZ,MIN_KTW,50030,50030,소형준,P,30,"So, Hyeong Jun",20010916,189,92,Right,Right
2025,KT,KT_WIZ,MIN_KTW,69041,69041,손동현,P,41,"Son, Dong Hyun",20010123,183,88,Right,Right
2025,KT,KT_WIZ,MIN_KTW,64012,64012,송민섭,OF,28,"Song, Min Sub",19910802,177,80,Right,Right
2025,KT,KT_WIZ,MIN_KTW,51057,51057,신범준,OF,62,"Shin, Bum Joon",20020601,189,78,Right,Left
2025,KT,KT_WIZ,MIN_KTW,54007,54007,신호준,OF,68,"Shin, Ho Jun",20041021,186,90,Right,Right
2025,KT,KT_WIZ,MIN_KTW,67006,67006,안치영,OF,8,"An, Chi Young",19980529,176,72,Right,Left
2025,KT,KT_WIZ,MIN_KTW,52001,52001,안현민,OF,23,"Ahn, Hyun Min",20030822,183,90,Right,Right
2025,KT,KT_WIZ,MIN_KTW,55005,55005,오서진,IF,105,"Oh, Seo Jin",20060608,188,80,Right,Right
2025,KT,KT_WIZ,MIN_KTW,50859,50859,오원석,P,47,"Oh, Won Seok",20010423,182,80,Left,Left
2025,KT,KT_WIZ,MIN_KTW,64504,64504,오윤석,IF,4,"Oh, Yoon Suk",19920224,180,87,Right,Right
2025,KT,KT_WIZ,MIN_KTW,75334,75334,오재일,IF,36,"Oh, Jae Il",19861029,187,95,Left,Left
2025,KT,KT_WIZ,MIN_KTW,73117,73117,우규민,P,12,"Woo, Kyu Min",19850121,184,75,Right,Right
2025,KT,KT_WIZ,MIN_KTW,52006,52006,우종휘,P,94,"Woo, Jong Hwi",20031215,187,90,Left,Left
2025,KT,KT_WIZ,MIN_KTW,54063,54063,원상현,P,63,"Weon, Sang Hyun",20041016,183,83,Right,Right
2025,KT,KT_WIZ,MIN_KTW,51013,51013,유준규,OF,67,"Ryu, Jun Kyu",20020816,176,69,Right,Left
2025,KT,KT_WIZ,MIN_KTW,68801,68801,유호식,P,101,"Yu, Ho Sik",19990511,190,104,Right,Right
2025,KT,KT_WIZ,MIN_KTW,54064,54064,육청명,P,64,"Yook, Chung Myoung",20050718,186,90,Right,Right
2025,KT,KT_WIZ,MIN_KTW,55007,55007,윤상인,P,107,"Yun, Sang In",20040401,183,80,Right,Right
2025,KT,KT_WIZ,MIN_KTW,50092,50092,윤준혁,IF,35,"Yoon, Jun Hyuk",20010726,186,86,Right,Right
2025,KT,KT_WIZ,MIN_KTW,69054,69054,이상동,P,37,"Lee, Sang Dong",19951124,181,88,Right,Right
2025,KT,KT_WIZ,MIN_KTW,52063,52063,이상우,P,48,"Lee, Sang Woo",20031014,190,95,Right,Right
2025,KT,KT_WIZ,MIN_KTW,69068,69068,이선우,P,61,"Lee, Sun Woo",20000919,186,90,Right,Right
2025,KT,KT_WIZ,MIN_KTW,54012,54012,이승언,P,90,"Lee, Seung Eon",20050304,186,95,Right,Right
2025,KT,KT_WIZ,MIN_KTW,55009,55009,이승준,IF,109,"Lee, Seung Jun",20060201,170,65,Right,Left
2025,KT,KT_WIZ,MIN_KTW,54011,54011,이승현,C,96,"Lee, Seung Hyun",20050126,184,90,Right,Left
2025,KT,KT_WIZ,MIN_KTW,55006,55006,이용현,IF,106,"Lee, Yong Hyun",20060106,188,85,Right,Left
2025,KT,KT_WIZ,MIN_KTW,67048,67048,이정현,P,21,"Lee, Jung Hyun",19971205,188,93,Right,Right
2025,KT,KT_WIZ,MIN_KTW,55003,55003,이정환,C,103,"Lee, Jung Hwan",20060412,182,90,Right,Right
2025,KT,KT_WIZ,MIN_KTW,67066,67066,이종혁,P,66,"Lee, Jong Hyeok",19970529,190,86,Right,Right
2025,KT,KT_WIZ,MIN_KTW,53005,53005,이준명,P,95,"Lee, Jun Myung",20021218,193,100,Right,Right
2025,KT,KT_WIZ,MIN_KTW,68896,68896,이채호,P,17,"Lee, Chae Ho",19981123,185,85,Right,Right
2025,KT,KT_WIZ,MIN_KTW,69623,69623,이태규,P,45,"Lee, Tae Gyu",20000221,188,72,Right,Left
2025,KT,KT_WIZ,MIN_KTW,54014,54014,이현민,P,49,"Lee, Hyeon Min",20011013,185,86,Right,Right
2025,KT,KT_WIZ,MIN_KTW,68504,68504,이호연,IF,34,"Lee, Ho Yeon",19950603,177,87,Right,Left
2025,KT,KT_WIZ,MIN_KTW,55010,55010,장민호,P,110,"Chang, Min Ho",20020705,180,85,Right,Left
2025,KT,KT_WIZ,MIN_KTW,78548,78548,장성우,C,22,"Jang, Sung Woo",19900117,187,100,Right,Right
2025,KT,KT_WIZ,MIN_KTW,64115,64115,장준원,IF,56,"Jang, Jun Won",19951121,183,77,Right,Right
2025,KT,KT_WIZ,MIN_KTW,66706,66706,장진혁,OF,51,"Jang, Jin Hyuk",19930930,184,90,Right,Left
2025,KT,KT_WIZ,MIN_KTW,69047,69047,전용주,P,29,"Jeon, Yong Ju",20000212,188,87,Left,Left
2025,KT,KT_WIZ,MIN_KTW,55008,55008,정영웅,OF,108,"Jeong, Yeong Woong",19991225,171,75,Left,Left
2025,KT,KT_WIZ,MIN_KTW,55011,55011,정운교,P,111,"Jeong, Woon Gyo",20020527,181,90,Right,Right
2025,KT,KT_WIZ,MIN_KTW,68089,68089,조대현,C,42,"Cho, Dae Hyun",19990806,183,81,Right,Right
2025,KT,KT_WIZ,MIN_KTW,64768,64768,조이현,P,54,"Jo, Yi Hyun",19950627,185,95,Right,Left
2025,KT,KT_WIZ,MIN_KTW,65060,65060,주권,P,38,"Ju, Kwon",19950531,181,82,Right,Right
2025,KT,KT_WIZ,MIN_KTW,51060,51060,지명성,P,39,"Ji, Myeong Seong",20020215,173,65,Right,Right
2025,KT,KT_WIZ,MIN_KTW,50054,50054,천성호,IF,14,"Cheon, Seong Ho",19971030,183,85,Right,Left
2025,KT,KT_WIZ,MIN_KTW,79140,79140,최동환,P,16,"Choi, Dong Hwan",19890919,184,83,Right,Right
2025,KT,KT_WIZ,MIN_KTW,52008,52008,최동희,OF,100,"Choi, Dong Hee",20030726,184,80,Right,Right
2025,KT,KT_WIZ,MIN_KTW,51007,51007,최성민,OF,31,"Choi, Seong Min",20020705,179,84,Left,Left
2025,KT,KT_WIZ,MIN_KTW,50650,50650,최용준,P,92,"Choi, Yong Jun",20011219,192,105,Right,Right
2025,KT,KT_WIZ,MIN_KTW,69032,571035,쿠에바스,P,32,"Cuevas, William",19901014,188,98,Right,Left
2025,KT,KT_WIZ,MIN_KTW,52065,52065,한지웅,P,93,"Han, Ji Woong",20030707,189,82,Left,Left
2025,KT,KT_WIZ,MIN_KTW,51058,51058,한차현,P,59,"Han, Cha Hyeon",19981130,180,80,Right,Right
2025,KT,KT_WIZ,MIN_KTW,79240,79240,허경민,IF,13,"Hur, Kyoung Min",19900826,176,69,Right,Right
2025,KT,KT_WIZ,MIN_KTW,54354,646241,헤이수스,P,65,"De Jesus, Enmanuel",19961210,192,104,Left,Left
2025,KT,KT_WIZ,MIN_KTW,76313,76313,황재균,IF,10,"Hwang, Jae Gyun",19870728,183,96,Right,Right
2025,KIA,KIA_TIG,MIN_KIA,54607,54607,강동훈,P,37,"Kang, Dong Hoon",20001123,185,98,Right,Right
2025,KIA,KIA_TIG,MIN_KIA,54613,54613,강민제,IF,13,"Kang, Min Je",20050210,181,82,Right,Right
2025,KIA,KIA_TIG,MIN_KIA,67604,67604,강이준,P,2,"Kang, Yi Jun",19980407,190,86,Right,Right
2025,KIA,KIA_TIG,MIN_KIA,61353,61353,고종욱,OF,57,"Ko, Jong Wook",19890111,184,83,Right,Left
2025,KIA,KIA_TIG,MIN_KIA,53609,53609,곽도규,P,0,"Kwak, Do Gyu",20040412,185,90,Left,Left
2025,KIA,KIA_TIG,MIN_KIA,51640,51640,권혁경,C,20,"Kwon, Hyuk Kyung",20020123,187,94,Right,Right
2025,KIA,KIA_TIG,MIN_KIA,76225,76225,김건국,P,43,"Kim, Keon Kuk",19880202,183,86,Right,Right
2025,KIA,KIA_TIG,MIN_KIA,66614,66614,김규성,IF,14,"Kim, Kyu Sung",19970308,185,88,Right,Left
2025,KIA,KIA_TIG,MIN_KIA,69620,69620,김기훈,P,53,"Kim, Ki Hoon",20000103,184,93,Left,Left
2025,KIA,KIA_TIG,MIN_KIA,60337,60337,김대유,P,69,"Kim, Dae Yu",19910508,187,92,Left,Left
2025,KIA,KIA_TIG,MIN_KIA,52605,52605,김도영,IF,5,"Kim, Do Young",20031002,183,85,Right,Right
2025,KIA,KIA_TIG,MIN_KIA,69745,69745,김도현,P,60,"Kim, Do Hyeon",20000915,183,87,Right,Right
2025,KIA,KIA_TIG,MIN_KIA,54614,54614,김두현,IF,12,"Kim, Doo Hyun",20030425,178,80,Right,Right
2025,KIA,KIA_TIG,MIN_KIA,69627,69627,김민수,OF,4,"Kim, Min Soo",20000405,186,87,Right,Left
2025,KIA,KIA_TIG,MIN_KIA,54608,54608,김민재,P,61,"Kim, Min Jae",20030708,188,85,Right,Right
2025,KIA,KIA_TIG,MIN_KIA,54645,54645,김민주,P,49,"Kim, Min Ju",20020908,182,85,Right,Right
2025,KIA,KIA_TIG,MIN_KIA,63894,63894,김사윤,P,21,"Kim, Sa Yoon",19940608,182,90,Left,Left
2025,KIA,KIA_TIG,MIN_KIA,67610,67610,김석환,OF,35,"Kim, Seok Hwan",19990228,187,97,Left,Left
2025,KIA,KIA_TIG,MIN_KIA,78603,78603,김선빈,IF,3,"Kim, Sun Bin",19891218,165,77,Right,Right
2025,KIA,KIA_TIG,MIN_KIA,66492,66492,김승현,P,24,"Kim, Seung Hyun",19920709,180,105,Right,Right
2025,KIA,KIA_TIG,MIN_KIA,53619,53619,김재현,IF,10,"Kim, Jae Hyun",20001202,176,81,Right,Left
2025,KIA,KIA_TIG,MIN_KIA,55646,55646,김정엽,P,46,"Kim, Jeong Yeop",20060418,185,96,Right,Right
2025,KIA,KIA_TIG,MIN_KIA,78122,78122,김태군,C,42,"Kim, Tae Gun",19891230,182,92,Right,Right
2025,KIA,KIA_TIG,MIN_KIA,55610,55610,김태형,P,10,"Kim, Tae Hyeong",20061215,184,95,Right,Right
2025,KIA,KIA_TIG,MIN_KIA,69516,69516,김현수,P,32,"Kim, Hyeon Su",20000710,185,90,Right,Right
2025,KIA,KIA_TIG,MIN_KIA,65653,65653,김호령,OF,27,"Kim, Ho Ryung",19920430,178,85,Right,Right
2025,KIA,KIA_TIG,MIN_KIA,62947,62947,나성범,OF,47,"Na, Sung Bum",19891003,183,100,Left,Left
2025,KIA,KIA_TIG,MIN_KIA,55629,55629,나연우,P,29,"Na, Yeon Woo",20060724,184,90,Right,Right
2025,KIA,KIA_TIG,MIN_KIA,54640,664942,네일,P,40,"Naile, James",19930208,193,83,Right,Right
2025,KIA,KIA_TIG,MIN_KIA,51645,51645,박건우,P,3,"Park, Gun Woo",19980603,193,97,Right,Right
2025,KIA,KIA_TIG,MIN_KIA,50657,50657,박민,IF,2,"Park, Min",20010605,184,84,Right,Right
2025,KIA,KIA_TIG,MIN_KIA,52634,52634,박상준,IF,5,"Park, Sang Jun",20010821,178,104,Left,Left
2025,KIA,KIA_TIG,MIN_KIA,55636,55636,박재현,OF,36,"Park, Jae Hyun",20061208,180,73,Right,Left
2025,KIA,KIA_TIG,MIN_KIA,67609,67609,박정우,OF,15,"Park, Jeong Woo",19980201,175,68,Left,Left
2025,KIA,KIA_TIG,MIN_KIA,63638,63638,박준표,P,31,"Park, Jun Pyo",19920626,181,93,Right,Right
2025,KIA,KIA_TIG,MIN_KIA,64646,64646,박찬호,IF,1,"Park, Chan Ho",19950605,178,72,Right,Right
2025,KIA,KIA_TIG,MIN_KIA,55637,55637,박헌,OF,36,"Park, Heon",20060105,185,90,Left,Left
2025,KIA,KIA_TIG,MIN_KIA,69727,69727,변우혁,IF,29,"Byun, Woo Hyuk",20000318,185,100,Right,Right
2025,KIA,KIA_TIG,MIN_KIA,78168,78168,서건창,IF,58,"Seo, Geon Chang",19890822,176,84,Right,Left
2025,KIA,KIA_TIG,MIN_KIA,54610,54610,성영탁,P,39,"Sung, Young Tak",20040728,180,89,Right,Right
2025,KIA,KIA_TIG,MIN_KIA,52642,52642,신명승,C,42,"Shin, Myung Seung",20021102,183,94,Right,Right
2025,KIA,KIA_TIG,MIN_KIA,55659,55659,양수호,P,59,"Yang, Su Ho",20060909,187,82,Right,Right
2025,KIA,KIA_TIG,MIN_KIA,77637,77637,양현종,P,54,"Yang, Hyeon Jong",19880301,183,91,Left,Left
2025,KIA,KIA_TIG,MIN_KIA,55631,55631,엄준현,IF,31,"Um, Jun Hyun",20060420,174,75,Right,Right
2025,KIA,KIA_TIG,MIN_KIA,68330,68330,예진원,OF,8,"Ye, Jin Won",19990316,172,82,Left,Left
2025,KIA,KIA_TIG,MIN_KIA,50622,50622,오규석,P,22,"Oh, Kyu Seok",20011204,187,97,Right,Right
2025,KIA,KIA_TIG,MIN_KIA,69636,69636,오선우,IF,56,"Oh, Sun Woo",19961213,186,95,Left,Left
2025,KIA,KIA_TIG,MIN_KIA,68614,68614,오정환,IF,7,"Oh, Jeong Hwan",19990327,185,85,Right,Left
2025,KIA,KIA_TIG,MIN_KIA,55633,670124,올러,P,33,"Oller, Adam",19941017,193,102,Right,Right
2025,KIA,KIA_TIG,MIN_KIA,55645,621550,위즈덤,IF,45,"Wisdom, Patrick",19910827,188,99,Right,Right
2025,KIA,KIA_TIG,MIN_KIA,67640,67640,유승철,P,50,"Yoo, Seung Cheol",19980302,184,87,Right,Left
2025,KIA,KIA_TIG,MIN_KIA,50604,50604,유지성,P,4,"You, Ji Sung",20001115,189,94,Left,Left
2025,KIA,KIA_TIG,MIN_KIA,52667,52667,윤도현,IF,9,"Yoon, Do Hyun",20030507,181,84,Right,Right
2025,KIA,KIA_TIG,MIN_KIA,53613,53613,윤영철,P,13,"Yoon, Young Cheol",20040420,187,87,Left,Left
2025,KIA,KIA_TIG,MIN_KIA,68619,68619,윤중현,P,19,"Yoon, Joong Hyun",19950425,180,84,Right,Right
2025,KIA,KIA_TIG,MIN_KIA,53615,53615,이도현,P,15,"Lee, Do Hyun",20050107,188,90,Right,Right
2025,KIA,KIA_TIG,MIN_KIA,54644,54644,이상준,C,44,"Lee, Sang Jun",20051213,182,105,Right,Right
2025,KIA,KIA_TIG,MIN_KIA,55632,55632,이성원,P,32,"Lee, Sung Won",20060518,184,90,Right,Right
2025,KIA,KIA_TIG,MIN_KIA,51668,51668,이승재,P,14,"Lee, Seung Jae",20001004,182,82,Right,Right
2025,KIA,KIA_TIG,MIN_KIA,51605,51605,이영재,OF,9,"Lee, Young Jae",20020111,185,95,Right,Right
2025,KIA,KIA_TIG,MIN_KIA,63260,63260,이우성,OF,25,"Lee, Woo Sung",19940717,182,95,Right,Right
2025,KIA,KIA_TIG,MIN_KIA,51648,51648,이의리,P,48,"Lee, Eui Lee",20020616,185,90,Left,Left
2025,KIA,KIA_TIG,MIN_KIA,51602,51602,이준범,IF,11,"Lee, Jun Beom",20020716,184,85,Right,Right
2025,KIA,KIA_TIG,MIN_KIA,65665,65665,이준영,P,20,"Lee, Jun Young",19920810,177,85,Left,Left
2025,KIA,KIA_TIG,MIN_KIA,64560,64560,이창진,OF,8,"Lee, Chang Jin",19910304,173,85,Right,Right
2025,KIA,KIA_TIG,MIN_KIA,62951,62951,이형범,P,28,"Lee, Hyeong Beom",19940227,181,80,Right,Right
2025,KIA,KIA_TIG,MIN_KIA,55663,55663,이호민,P,63,"Lee, Ho Min",20060826,182,85,Right,Right
2025,KIA,KIA_TIG,MIN_KIA,62754,62754,임기영,P,17,"Im, Gi Yeong",19930416,184,86,Right,Right
2025,KIA,KIA_TIG,MIN_KIA,55630,55630,임다온,P,30,"Im, Da On",20050610,187,91,Right,Right
2025,KIA,KIA_TIG,MIN_KIA,51665,51665,장민기,P,6,"Jang, Min Gi",20011230,182,88,Left,Left
2025,KIA,KIA_TIG,MIN_KIA,51603,51603,장시현,IF,1,"Jang, Si Hyun",20011221,178,75,Right,Right
2025,KIA,KIA_TIG,MIN_KIA,50641,50641,장재혁,P,38,"Jang, Jae Hyeok",20010802,180,86,Right,Right
2025,KIA,KIA_TIG,MIN_KIA,66609,66609,전상현,P,51,"Jeon, Sang Hyun",19960418,182,88,Right,Right
2025,KIA,KIA_TIG,MIN_KIA,50662,50662,정해영,P,62,"Jung, Hai Young",20010823,189,98,Right,Right
2025,KIA,KIA_TIG,MIN_KIA,53659,53659,정해원,IF,16,"Jung, Hae Won",20040521,185,87,Right,Right
2025,KIA,KIA_TIG,MIN_KIA,54667,54667,조대현,P,50,"Cho, Dae Hyun",20050219,192,85,Right,Right
2025,KIA,KIA_TIG,MIN_KIA,63342,63342,조상우,P,11,"Cho, Sang Woo",19940904,186,97,Right,Right
2025,KIA,KIA_TIG,MIN_KIA,66354,66354,주효상,C,22,"Joo, Hyo Sang",19971111,183,95,Right,Left
2025,KIA,KIA_TIG,MIN_KIA,55628,55628,최건희,P,28,"Choi, Kun Hee",20020709,183,70,Right,Right
2025,KIA,KIA_TIG,MIN_KIA,66606,66606,최원준,OF,16,"Choi, Won Jun",19970323,178,85,Right,Left
2025,KIA,KIA_TIG,MIN_KIA,65464,65464,최정용,IF,23,"Choi, Jeong Yong",19961024,179,84,Right,Left
2025,KIA,KIA_TIG,MIN_KIA,52639,52639,최지민,P,39,"Choi, Ji Min",20030910,185,100,Left,Left
2025,KIA,KIA_TIG,MIN_KIA,72443,72443,최형우,OF,34,"Choi, Hyoung Woo",19831216,180,106,Right,Left
2025,KIA,KIA_TIG,MIN_KIA,63722,63722,한승택,C,26,"Han, Seung Taek",19940621,174,83,Right,Right
2025,KIA,KIA_TIG,MIN_KIA,68646,68646,한준수,C,55,"Han, Jun Su",19990213,184,95,Right,Left
2025,KIA,KIA_TIG,MIN_KIA,69643,69643,홍원빈,P,21,"Hong, Won Bin",20001016,195,101,Right,Right
2025,KIA,KIA_TIG,MIN_KIA,50600,50600,홍종표,IF,6,"Hong, Jong Pyo",20000502,178,72,Right,Left
2025,KIA,KIA_TIG,MIN_KIA,65610,65610,황대인,IF,52,"Hwang, Dae In",19960210,178,100,Right,Right
2025,KIA,KIA_TIG,MIN_KIA,52641,52641,황동하,P,41,"Hwang, Dong Ha",20020730,183,96,Right,Right
2025,LG,LG_TWI,MIN_LGT,50105,50105,강민,P,100,"Kang, Min",20010420,188,88,Right,Right
2025,LG,LG_TWI,MIN_LGT,55116,55116,고영웅,P,116,"Ko, Yeong Woong",20040729,180,90,Left,Left
2025,LG,LG_TWI,MIN_LGT,69100,69100,구본혁,IF,6,"Gu, Bon Hyeok",19970111,177,75,Right,Right
2025,LG,LG_TWI,MIN_LGT,77263,77263,김강률,P,37,"Kim, Kang Ryul",19880828,187,95,Right,Right
2025,LG,LG_TWI,MIN_LGT,66145,66145,김대현,P,12,"Kim, Dae Hyun",19970308,188,100,Right,Right
2025,LG,LG_TWI,MIN_LGT,54107,54107,김도윤,IF,107,"Kim, Do Yoon",20050217,180,71,Right,Right
2025,LG,LG_TWI,MIN_LGT,67504,67504,김민수,IF,16,"Kim, Min Su",19980318,184,97,Right,Right
2025,LG,LG_TWI,MIN_LGT,53144,53144,김범석,C,55,"Kim, Beom Seok",20040521,178,110,Right,Right
2025,LG,LG_TWI,MIN_LGT,52105,52105,김성우,C,44,"Kim, Sung Woo",20031115,180,85,Right,Right
2025,LG,LG_TWI,MIN_LGT,69105,69105,김성진,IF,36,"Kim, Sung Jin",20000317,183,100,Right,Right
2025,LG,LG_TWI,MIN_LGT,50115,50115,김수인,IF,103,"Kim, Su In",19971019,178,81,Right,Right
2025,LG,LG_TWI,MIN_LGT,55167,55167,김영우,P,67,"Kim, Young Woo",20050114,185,90,Right,Right
2025,LG,LG_TWI,MIN_LGT,68130,68130,김영준,P,35,"Kim, Young Jun",19990112,185,90,Right,Right
2025,LG,LG_TWI,MIN_LGT,55129,55129,김웅,P,129,"Kim, Woong",20020510,191,96,Right,Right
2025,LG,LG_TWI,MIN_LGT,64596,64596,김유영,P,0,"Kim, Yu Yeong",19940502,180,83,Left,Left
2025,LG,LG_TWI,MIN_LGT,68109,68109,김의준,P,115,"Kim, Eui Jun",19991016,183,80,Right,Right
2025,LG,LG_TWI,MIN_LGT,55122,55122,김종운,P,122,"Kim, Jong Woon",20060911,186,85,Right,Right
2025,LG,LG_TWI,MIN_LGT,66162,66162,김주성,IF,5,"Kim, Ju Sung",19980130,180,81,Right,Right
2025,LG,LG_TWI,MIN_LGT,65411,65411,김주온,P,57,"Kim, Joo On",19961208,187,89,Right,Right
2025,LG,LG_TWI,MIN_LGT,51104,51104,김지용,P,120,"Kim, Ji Yong",20021007,180,75,Left,Left
2025,LG,LG_TWI,MIN_LGT,75867,75867,김진성,P,42,"Kim, Jin Sung",19850307,186,90,Right,Right
2025,LG,LG_TWI,MIN_LGT,51154,51154,김진수,P,45,"Kim, Jin Su",19980831,179,82,Right,Right
2025,LG,LG_TWI,MIN_LGT,76290,76290,김현수,OF,22,"Kim, Hyun Soo",19880112,188,105,Right,Left
2025,LG,LG_TWI,MIN_LGT,54166,54166,김현종,OF,66,"Kim, Hyun Jong",20040804,186,85,Right,Right
2025,LG,LG_TWI,MIN_LGT,51103,51103,김형욱,P,102,"Kim, Hyeong Uk",20020129,187,90,Right,Right
2025,LG,LG_TWI,MIN_LGT,69102,69102,문보경,IF,2,"Moon, Bo Gyeong",20000719,182,88,Right,Left
2025,LG,LG_TWI,MIN_LGT,68119,68119,문성주,OF,8,"Moon, Sung Ju",19970220,175,78,Left,Left
2025,LG,LG_TWI,MIN_LGT,52121,52121,문정빈,IF,53,"Moon, Jung Bin",20030815,186,90,Right,Right
2025,LG,LG_TWI,MIN_LGT,54123,54123,박건우,IF,123,"Park, Geon Woo",19981019,180,85,Right,Left
2025,LG,LG_TWI,MIN_LGT,55164,55164,박관우,OF,64,"Park, Gwan Woo",20060322,174,82,Left,Left
2025,LG,LG_TWI,MIN_LGT,79365,79365,박동원,C,27,"Park, Dong Won",19900407,178,92,Right,Right
2025,LG,LG_TWI,MIN_LGT,53139,53139,박명근,P,39,"Park, Myung Geun",20040327,174,75,Right,Right
2025,LG,LG_TWI,MIN_LGT,51112,51112,박민호,C,106,"Park, Min Ho",19980406,177,80,Right,Right
2025,LG,LG_TWI,MIN_LGT,55121,55121,박시원,P,121,"Park, Si Won",20060412,193,93,Right,Right
2025,LG,LG_TWI,MIN_LGT,62415,62415,박해민,OF,17,"Park, Hae Min",19900224,180,75,Right,Left
2025,LG,LG_TWI,MIN_LGT,63145,63145,배재준,P,25,"Bae, Jae June",19941124,188,85,Right,Right
2025,LG,LG_TWI,MIN_LGT,68096,68096,백선기,P,114,"Baek, Seon Gi",19980827,186,70,Left,Left
2025,LG,LG_TWI,MIN_LGT,65109,65109,백승현,P,61,"Baek, Seung Hyeon",19950526,183,90,Right,Right
2025,LG,LG_TWI,MIN_LGT,55160,55160,서영준,OF,60,"Seo, Young Jun",20060318,186,90,Right,Right
2025,LG,LG_TWI,MIN_LGT,68159,68159,성동현,P,34,"Sung, Dong Hyun",19990518,189,108,Right,Right
2025,LG,LG_TWI,MIN_LGT,55118,55118,성준서,P,118,"Seong, Jun Seo",20060409,190,96,Right,Right
2025,LG,LG_TWI,MIN_LGT,54156,54156,손용준,IF,113,"Son, Yong Jun",20000215,178,85,Right,Right
2025,LG,LG_TWI,MIN_LGT,67143,67143,손주영,P,29,"Son, Ju Young",19981202,191,95,Left,Left
2025,LG,LG_TWI,MIN_LGT,51111,51111,송승기,P,13,"Song, Seung Ki",20020410,181,90,Left,Left
2025,LG,LG_TWI,MIN_LGT,68110,68110,송찬의,OF,14,"Song, Chan Eui",19990220,182,80,Right,Right
2025,LG,LG_TWI,MIN_LGT,65207,65207,신민재,IF,4,"Shin, Min Jae",19960121,171,67,Right,Left
2025,LG,LG_TWI,MIN_LGT,54108,54108,심규빈,OF,108,"Sim, Kyu Bin",20010327,181,81,Right,Left
2025,LG,LG_TWI,MIN_LGT,61411,61411,심창민,P,28,"Sim, Chang Min",19930201,185,86,Right,Right
2025,LG,LG_TWI,MIN_LGT,55109,55109,안시후,P,109,"Ahn, Si Hoo",20060502,190,84,Right,Right
2025,LG,LG_TWI,MIN_LGT,65115,65115,안익훈,OF,15,"An, Ik Hun",19960212,176,76,Left,Left
2025,LG,LG_TWI,MIN_LGT,54119,622694,에르난데스,P,30,"Hernandez, Elieser",19950503,185,97,Right,Right
2025,LG,LG_TWI,MIN_LGT,53123,621573,오스틴,IF,23,"Dean, Austin",19931014,183,97,Right,Right
2025,LG,LG_TWI,MIN_LGT,79109,79109,오지환,IF,10,"Oh, Ji Hwan",19900312,185,80,Right,Left
2025,LG,LG_TWI,MIN_LGT,51526,51526,우강훈,P,20,"Woo, Kang Hoon",20021003,183,88,Right,Right
2025,LG,LG_TWI,MIN_LGT,55111,55111,우정안,IF,110,"Woo, Jeong An",20060103,181,79,Right,Left
2025,LG,LG_TWI,MIN_LGT,50106,50106,유영찬,P,54,"Yoo, Young Chan",19970307,185,90,Right,Right
2025,LG,LG_TWI,MIN_LGT,51110,51110,이믿음,P,105,"Lee, Mit Eum",20000718,188,80,Right,Right
2025,LG,LG_TWI,MIN_LGT,51100,51100,이영빈,IF,7,"Lee, Young Bin",20020617,182,82,Right,Left
2025,LG,LG_TWI,MIN_LGT,61145,61145,이우찬,P,21,"Lee, Woo Chan",19920804,185,97,Left,Left
2025,LG,LG_TWI,MIN_LGT,50904,50904,이종준,P,40,"Lee, Jong Jun",20010309,191,93,Right,Right
2025,LG,LG_TWI,MIN_LGT,52154,52154,이주헌,C,26,"Lee, Ju Heon",20030304,185,92,Right,Right
2025,LG,LG_TWI,MIN_LGT,69108,69108,이지강,P,32,"Lee, Ji Gang",19990702,183,85,Right,Right
2025,LG,LG_TWI,MIN_LGT,55165,55165,이태훈,IF,65,"Lee, Tae Hoon",20060821,183,83,Right,Left
2025,LG,LG_TWI,MIN_LGT,55100,55100,이한림,C,0,"Lee, Han Lim",20061118,182,92,Right,Right
2025,LG,LG_TWI,MIN_LGT,69113,69113,임준형,P,59,"Lim, Jun Hyeung",20001116,180,87,Left,Left
2025,LG,LG_TWI,MIN_LGT,61101,61101,임찬규,P,1,"Im, Chan Kyu",19921120,185,80,Right,Right
2025,LG,LG_TWI,MIN_LGT,63950,63950,장현식,P,50,"Jang, Hyun Sik",19950224,181,91,Right,Right
2025,LG,LG_TWI,MIN_LGT,68869,68869,전경원,C,128,"Jun, Gyeong Won",19990318,184,95,Right,Right
2025,LG,LG_TWI,MIN_LGT,67123,67123,전준호,P,111,"Jeon, Jun Ho",19980701,181,80,Right,Right
2025,LG,LG_TWI,MIN_LGT,69159,69159,정우영,P,18,"Jung, Woo Young",19990819,193,99,Right,Right
2025,LG,LG_TWI,MIN_LGT,54149,54149,정지헌,P,49,"Jung, Ji Heon",20030101,180,85,Right,Right
2025,LG,LG_TWI,MIN_LGT,51163,51163,조건희,P,101,"Cho, Geon Hee",20020326,184,84,Left,Left
2025,LG,LG_TWI,MIN_LGT,54148,54148,진우영,P,48,"Jin, Woo Young",20010205,188,97,Right,Right
2025,LG,LG_TWI,MIN_LGT,65905,65905,최승민,OF,62,"Choi, Seung Min",19960701,181,73,Right,Left
2025,LG,LG_TWI,MIN_LGT,52163,52163,최용하,P,112,"Choi, Yong Ha",20021129,183,84,Right,Right
2025,LG,LG_TWI,MIN_LGT,52103,52103,최원영,OF,3,"Choi, Won Young",20030718,174,76,Right,Right
2025,LG,LG_TWI,MIN_LGT,68419,68419,최채흥,P,56,"Choi, Chae Heung",19950122,186,97,Left,Left
2025,LG,LG_TWI,MIN_LGT,55163,55163,추세현,P,63,"Chu, Se Hyeon",20060419,187,90,Right,Right
2025,LG,LG_TWI,MIN_LGT,55146,630023,치리노스,P,46,"Chirinos, Yonny",19931226,188,102,Right,Right
2025,LG,LG_TWI,MIN_LGT,50107,50107,하영진,P,119,"Ha, Young Jin",20010228,182,80,Right,Right
2025,LG,LG_TWI,MIN_LGT,63248,63248,함덕주,P,11,"Ham, Deok Ju",19950113,181,78,Left,Left
2025,LG,LG_TWI,MIN_LGT,50108,50108,함창건,OF,24,"Ham, Chang Geon",20010818,176,83,Left,Left
2025,LG,LG_TWI,MIN_LGT,53102,53102,허용주,P,43,"Heo, Yong Ju",20030605,194,88,Right,Right
2025,LG,LG_TWI,MIN_LGT,52119,52119,허준혁,P,58,"Heo, Jun Hyuk",19990702,180,85,Right,Right
2025,LG,LG_TWI,MIN_LGT,66108,66108,홍창기,OF,51,"Hong, Chang Ki",19931121,189,94,Right,Left
2025,NC,NC_DIN,MIN_NCD,50905,50905,강태경,P,100,"Kang, Tae Gyeong",20010726,188,95,Right,Left
2025,NC,NC_DIN,MIN_NCD,54908,54908,고승완,OF,101,"Ko, Seung Wan",20010315,178,81,Right,Left
2025,NC,NC_DIN,MIN_NCD,63963,63963,권희동,OF,36,"Kwon, Hui Dong",19901230,177,85,Right,Right
2025,NC,NC_DIN,MIN_NCD,52995,52995,김녹원,P,102,"Kim, Nok Won",20030517,182,88,Right,Right
2025,NC,NC_DIN,MIN_NCD,55933,55933,김동현,C,103,"Kim, Dong Hyun",20020830,180,88,Right,Right
2025,NC,NC_DIN,MIN_NCD,54913,54913,김민규,P,63,"Kim, Min Kyu",20010907,183,84,Right,Right
2025,NC,NC_DIN,MIN_NCD,54901,54901,김민균,P,104,"Kim, Min Gyun",20050118,188,88,Left,Left
2025,NC,NC_DIN,MIN_NCD,69980,69980,김범준,OF,66,"Kim, Beom Jun",20000420,183,90,Right,Right
2025,NC,NC_DIN,MIN_NCD,62934,62934,김성욱,OF,38,"Kim, Seong Uk",19930501,181,83,Right,Right
2025,NC,NC_DIN,MIN_NCD,54905,54905,김세훈,IF,9,"Kim, Se Hoon",20050404,174,77,Right,Right
2025,NC,NC_DIN,MIN_NCD,68928,68928,김시훈,P,21,"Kim, Si Hoon",19990224,188,95,Right,Right
2025,NC,NC_DIN,MIN_NCD,68900,68900,김영규,P,17,"Kim, Young Kyu",20000210,188,86,Left,Left
2025,NC,NC_DIN,MIN_NCD,64580,64580,김재열,P,32,"Kim, Jae Yeol",19960102,183,97,Right,Right
2025,NC,NC_DIN,MIN_NCD,51903,51903,김정호,C,105,"Kim, Jeong Ho",19980713,172,84,Right,Right
2025,NC,NC_DIN,MIN_NCD,51907,51907,김주원,IF,7,"Kim, Ju Won",20020730,185,83,Right,Left
2025,NC,NC_DIN,MIN_NCD,54910,54910,김준원,P,106,"Kim, Jun Won",20050531,190,82,Right,Right
2025,NC,NC_DIN,MIN_NCD,51901,51901,김진우,P,107,"Kim, Jin Woo",20021028,178,82,Left,Left
2025,NC,NC_DIN,MIN_NCD,67954,67954,김진호,P,54,"Kim, Jin Ho",19980607,183,90,Right,Right
2025,NC,NC_DIN,MIN_NCD,50992,50992,김태경,P,11,"Kim, Tae Gyeong",20010407,188,95,Right,Right
2025,NC,NC_DIN,MIN_NCD,67956,67956,김태현,P,15,"Kim, Tae Hyun",19980321,188,95,Left,Left
2025,NC,NC_DIN,MIN_NCD,54912,54912,김태호,C,109,"Kim, Tae Ho",20010215,178,93,Right,Left
2025,NC,NC_DIN,MIN_NCD,55995,55995,김태훈,P,95,"Kim, Tae Hoon",20061026,188,88,Right,Right
2025,NC,NC_DIN,MIN_NCD,50902,50902,김한별,IF,68,"Kim, Han Byul",20010118,177,85,Right,Right
2025,NC,NC_DIN,MIN_NCD,68912,68912,김형준,C,25,"Kim, Hyung Jun",19991102,187,98,Right,Right
2025,NC,NC_DIN,MIN_NCD,54959,54959,김휘건,P,19,"Kim, Hwi Geon",20050827,191,105,Right,Right
2025,NC,NC_DIN,MIN_NCD,51344,51344,김휘집,IF,44,"Kim, Whee Jip",20020101,180,92,Right,Right
2025,NC,NC_DIN,MIN_NCD,53914,53914,노재원,P,110,"No, Jae Won",20010726,179,93,Right,Right
2025,NC,NC_DIN,MIN_NCD,54944,571602,데이비슨,IF,24,"Davidson, Matt",19910326,190,104,Right,Right
2025,NC,NC_DIN,MIN_NCD,66965,66965,도태훈,IF,16,"Do, Tae Hun",19930318,184,85,Right,Left
2025,NC,NC_DIN,MIN_NCD,55903,663929,라일리,P,3,"Thompson, Riley",19960709,190,100,Right,Right
2025,NC,NC_DIN,MIN_NCD,55912,663531,로건,P,12,"Allen, Logan",19970523,186,105,Left,Left
2025,NC,NC_DIN,MIN_NCD,65949,65949,류진욱,P,41,"Ryou, Jin Oug",19961010,189,88,Right,Right
2025,NC,NC_DIN,MIN_NCD,53973,53973,목지훈,P,20,"Mok, Ji Hoon",20040511,181,83,Right,Right
2025,NC,NC_DIN,MIN_NCD,79215,79215,박건우,OF,37,"Park, Kun Woo",19900908,184,80,Right,Right
2025,NC,NC_DIN,MIN_NCD,52994,52994,박동수,P,111,"Park, Dong Soo",19990524,177,85,Right,Left
2025,NC,NC_DIN,MIN_NCD,62907,62907,박민우,IF,2,"Park, Min Woo",19930206,185,80,Right,Left
2025,NC,NC_DIN,MIN_NCD,62244,62244,박세혁,C,10,"Park, Sei Hyok",19900109,181,86,Right,Left
2025,NC,NC_DIN,MIN_NCD,50996,50996,박시원,OF,53,"Park, Si Won",20010530,185,85,Right,Left
2025,NC,NC_DIN,MIN_NCD,50906,50906,박영빈,OF,39,"Park, Young Bin",19970716,182,88,Right,Left
2025,NC,NC_DIN,MIN_NCD,54911,54911,박인우,IF,112,"Park, In Woo",20011214,177,80,Right,Right
2025,NC,NC_DIN,MIN_NCD,69900,69900,박주찬,IF,113,"Park, Ju Chan",19960111,178,84,Right,Right
2025,NC,NC_DIN,MIN_NCD,68097,68097,박주현,P,67,"Park, Ju Hyeon",19990803,184,85,Left,Left
2025,NC,NC_DIN,MIN_NCD,69994,69994,박지한,P,114,"Park, Ji Han",20001021,185,90,Left,Left
2025,NC,NC_DIN,MIN_NCD,53992,53992,박한결,OF,60,"Park, Han Gyeol",20040426,181,90,Right,Right
2025,NC,NC_DIN,MIN_NCD,64995,64995,배재환,P,61,"Bae, Jae Hwan",19950224,186,95,Right,Right
2025,NC,NC_DIN,MIN_NCD,53999,53999,서동욱,P,115,"Seo, Dong Wook",20040226,177,80,Right,Right
2025,NC,NC_DIN,MIN_NCD,66068,66068,서의태,P,58,"Seo, Eui Tae",19970905,194,115,Left,Left
2025,NC,NC_DIN,MIN_NCD,52906,52906,서준교,IF,116,"Seo, Jun Kyo",20030523,181,83,Right,Right
2025,NC,NC_DIN,MIN_NCD,69995,69995,서호철,IF,5,"Seo, Ho Cheol",19961016,179,85,Right,Right
2025,NC,NC_DIN,MIN_NCD,67962,67962,소이현,P,50,"So, Rhee Hyun",19990209,185,93,Right,Right
2025,NC,NC_DIN,MIN_NCD,77532,77532,손아섭,OF,31,"Son, Ah Seop",19880318,174,84,Right,Left
2025,NC,NC_DIN,MIN_NCD,54904,54904,손주환,P,46,"Son, Ju Hwan",20020105,177,85,Right,Right
2025,NC,NC_DIN,MIN_NCD,69203,69203,송승환,OF,8,"Song, Seung Hwan",20001028,183,93,Right,Right
2025,NC,NC_DIN,MIN_NCD,55917,55917,신민우,C,117,"Shin, Min Woo",20060813,181,88,Right,Right
2025,NC,NC_DIN,MIN_NCD,68902,68902,신민혁,P,18,"Shin, Min Hyeok",19990204,184,95,Right,Right
2025,NC,NC_DIN,MIN_NCD,53989,53989,신성호,IF,118,"Shin, Sung Ho",20030928,178,76,Right,Right
2025,NC,NC_DIN,MIN_NCD,53919,53919,신영우,P,43,"Shin, Yeong Woo",20040421,182,84,Right,Right
2025,NC,NC_DIN,MIN_NCD,53991,53991,신용석,C,42,"Shin, Yong Seok",20031011,181,91,Right,Right
2025,NC,NC_DIN,MIN_NCD,50901,50901,안인산,IF,119,"An, In San",20010227,181,95,Right,Right
2025,NC,NC_DIN,MIN_NCD,64022,64022,안중열,C,1,"An, Joong Yeol",19950901,176,87,Right,Right
2025,NC,NC_DIN,MIN_NCD,55920,55920,양가온솔,OF,120,"Yang, Ga On Sol",20060224,182,79,Right,Right
2025,NC,NC_DIN,MIN_NCD,68904,68904,오영수,IF,34,"Oh, Young Soo",20000130,178,93,Right,Left
2025,NC,NC_DIN,MIN_NCD,54906,54906,원종해,P,56,"Won, Jong Hae",20050409,183,83,Right,Right
2025,NC,NC_DIN,MIN_NCD,55925,55925,유재현,IF,125,"Yoo, Jae Hyun",20051017,182,76,Right,Right
2025,NC,NC_DIN,MIN_NCD,55997,55997,이세민,P,97,"Lee, Se Min",20050808,187,100,Right,Right
2025,NC,NC_DIN,MIN_NCD,77211,77211,이용찬,P,45,"Lee, Yong Chan",19890102,185,85,Right,Right
2025,NC,NC_DIN,MIN_NCD,60263,60263,이재학,P,51,"Lee, Jae Hak",19901004,181,84,Right,Right
2025,NC,NC_DIN,MIN_NCD,52992,52992,이준혁,P,121,"Lee, Jun Hyuk",20030630,184,87,Right,Right
2025,NC,NC_DIN,MIN_NCD,52907,52907,이한,IF,122,"Lee, Han",20030825,181,83,Right,Left
2025,NC,NC_DIN,MIN_NCD,54900,54900,임상현,P,28,"Lim, Sang Hyeon",20050716,184,89,Right,Right
2025,NC,NC_DIN,MIN_NCD,63959,63959,임정호,P,13,"Lim, Jung Ho",19900416,188,90,Left,Left
2025,NC,NC_DIN,MIN_NCD,52902,52902,임지민,P,123,"Lim, Ji Min",20031011,185,82,Right,Right
2025,NC,NC_DIN,MIN_NCD,50900,50900,임형원,P,124,"Lim, Hyoung Won",20010915,183,73,Right,Right
2025,NC,NC_DIN,MIN_NCD,55993,55993,장창훈,IF,93,"Jang, Chang Hoon",20000522,176,70,Right,Left
2025,NC,NC_DIN,MIN_NCD,69204,69204,전루건,P,47,"Jeon, Ru Geon",20000609,185,80,Right,Right
2025,NC,NC_DIN,MIN_NCD,69969,69969,전사민,P,57,"Jeon, Sa Min",19990706,194,85,Right,Right
2025,NC,NC_DIN,MIN_NCD,55926,55926,정현창,IF,126,"Jung, Hyun Chang",20060714,177,70,Right,Left
2025,NC,NC_DIN,MIN_NCD,55927,55927,조창연,OF,127,"Jo, Chang Yeon",20060407,185,90,Right,Right
2025,NC,NC_DIN,MIN_NCD,54907,54907,조현민,IF,128,"Cho, Hyun Min",20050323,181,83,Right,Left
2025,NC,NC_DIN,MIN_NCD,52908,52908,조효원,IF,129,"Cho, Hyo Won",19990310,180,87,Right,Right
2025,NC,NC_DIN,MIN_NCD,67905,67905,천재환,OF,23,"Cheon, Jae Hwan",19940401,181,83,Right,Right
2025,NC,NC_DIN,MIN_NCD,68909,68909,최보성,IF,130,"Choi, Bo Sung",19981016,181,88,Right,Right
2025,NC,NC_DIN,MIN_NCD,66920,66920,최성영,P,26,"Choi, Sung Young",19970428,180,85,Left,Left
2025,NC,NC_DIN,MIN_NCD,54903,54903,최우석,P,48,"Choi, Woo Seok",20050331,190,90,Right,Right
2025,NC,NC_DIN,MIN_NCD,55913,55913,최윤혁,P,131,"Choi, Yun Hyeok",20040107,185,93,Left,Left
2025,NC,NC_DIN,MIN_NCD,69992,69992,최정원,IF,14,"Choi, Jeong Won",20000624,176,70,Right,Left
2025,NC,NC_DIN,MIN_NCD,64101,64101,한석현,OF,33,"Han, Seok Hyeon",19940517,181,73,Left,Left
2025,NC,NC_DIN,MIN_NCD,51994,51994,한재승,P,55,"Han, Jae Seung",20011121,180,90,Right,Right
2025,NC,NC_DIN,MIN_NCD,50903,50903,한재환,IF,35,"Han, Jae Hwan",20011019,177,89,Right,Right
2025,NC,NC_DIN,MIN_NCD,54902,54902,홍유원,P,132,"Hong, Yu Won",20050517,188,96,Right,Right
2025,NC,NC_DIN,MIN_NCD,55996,55996,홍재문,P,96,"Hong, Jae Moon",20040709,183,95,Right,Right
2025,삼성,SAM_LIO,MIN_SAM,55427,55427,강민성,IF,127,"Kang, Min Sung",20060222,183,85,Right,Right
2025,삼성,SAM_LIO,MIN_SAM,74540,74540,강민호,C,47,"Kang, Min Ho",19850818,185,100,Right,Right
2025,삼성,SAM_LIO,MIN_SAM,64610,64610,강한울,IF,6,"Kang, Han Wool",19910912,181,66,Right,Left
2025,삼성,SAM_LIO,MIN_SAM,68407,68407,공민규,IF,9,"Kong, Min Gyu",19990927,183,85,Right,Left
2025,삼성,SAM_LIO,MIN_SAM,62404,62404,구자욱,OF,5,"Koo, Ja Wook",19930212,189,75,Right,Left
2025,삼성,SAM_LIO,MIN_SAM,55441,55441,권현우,P,41,"Gwon, Hyun Woo",20060328,190,93,Right,Right
2025,삼성,SAM_LIO,MIN_SAM,61365,61365,김대우,P,17,"Kim, Dae Woo",19881121,183,85,Right,Right
2025,삼성,SAM_LIO,MIN_SAM,54401,54401,김대호,P,44,"Kim, Dae Ho",20011015,185,100,Right,Right
2025,삼성,SAM_LIO,MIN_SAM,69442,69442,김도환,C,24,"Kim, Do Hwan",20000414,178,90,Right,Right
2025,삼성,SAM_LIO,MIN_SAM,54402,54402,김동현,P,123,"Kim, Dong Hyun",20010525,186,95,Right,Right
2025,삼성,SAM_LIO,MIN_SAM,68403,68403,김무신,P,48,"Kim, Mu Shin",19991208,185,95,Right,Right
2025,삼성,SAM_LIO,MIN_SAM,64793,64793,김민수,C,12,"Kim, Min Su",19910302,177,80,Right,Right
2025,삼성,SAM_LIO,MIN_SAM,55420,55420,김백산,P,120,"Kim, Baek San",20031013,183,86,Right,Right
2025,삼성,SAM_LIO,MIN_SAM,55425,55425,김상준,IF,125,"Kim, Sang Jun",20021230,176,75,Right,Left
2025,삼성,SAM_LIO,MIN_SAM,54403,54403,김성경,P,122,"Kim, Sung Kyung",19991001,181,84,Right,Right
2025,삼성,SAM_LIO,MIN_SAM,67449,67449,김성윤,OF,39,"Kim, Seong Yoon",19990202,163,62,Left,Left
2025,삼성,SAM_LIO,MIN_SAM,52430,52430,김영웅,IF,30,"Kim, Young Woong",20030824,183,81,Right,Left
2025,삼성,SAM_LIO,MIN_SAM,55429,55429,김유현,P,119,"Kim, Yoo Hyun",20040207,184,93,Right,Right
2025,삼성,SAM_LIO,MIN_SAM,65132,65132,김재성,C,2,"Kim, Jae Seong",19961030,185,85,Right,Left
2025,삼성,SAM_LIO,MIN_SAM,65062,65062,김재윤,P,62,"Kim, Jae Yoon",19900916,185,91,Right,Right
2025,삼성,SAM_LIO,MIN_SAM,52424,52424,김재혁,OF,8,"Kim, Jae Hyuk",19991226,182,85,Right,Right
2025,삼성,SAM_LIO,MIN_SAM,54407,54407,김재형,IF,124,"Kim, Jae Hyung",20051122,186,102,Right,Right
2025,삼성,SAM_LIO,MIN_SAM,50458,50458,김지찬,OF,58,"Kim, Ji Chan",20010308,163,64,Right,Left
2025,삼성,SAM_LIO,MIN_SAM,69207,69207,김태근,OF,108,"Kim, Tae Keun",19960810,175,74,Right,Right
2025,삼성,SAM_LIO,MIN_SAM,62360,62360,김태훈,P,27,"Kim, Tae Hoon",19920302,187,101,Right,Right
2025,삼성,SAM_LIO,MIN_SAM,65040,65040,김태훈,OF,25,"Kim, Tae Hoon",19960331,177,78,Right,Left
2025,삼성,SAM_LIO,MIN_SAM,61404,61404,김헌곤,OF,32,"Kim, Hun Gon",19881109,174,81,Right,Right
2025,삼성,SAM_LIO,MIN_SAM,54460,54460,김호진,IF,60,"Kim, Ho Jin",20050716,183,84,Right,Right
2025,삼성,SAM_LIO,MIN_SAM,54400,650331,디아즈,IF,0,"Diaz, Lewin",19961119,188,105,Left,Left
2025,삼성,SAM_LIO,MIN_SAM,54443,660593,레예스,P,43,"Reyes, Denyi",19961102,198,113,Right,Right
2025,삼성,SAM_LIO,MIN_SAM,62234,62234,류지혁,IF,16,"Ryu, Ji Hyuk",19940113,181,75,Right,Left
2025,삼성,SAM_LIO,MIN_SAM,75125,75125,박병호,IF,52,"Park, Byung Ho",19860710,185,107,Right,Right
2025,삼성,SAM_LIO,MIN_SAM,69418,69418,박승규,OF,107,"Park, Seung Kyu",20000902,178,80,Right,Right
2025,삼성,SAM_LIO,MIN_SAM,53416,53416,박장민,IF,116,"Park, Jang Min",20030902,179,80,Right,Right
2025,삼성,SAM_LIO,MIN_SAM,50411,50411,박주혁,P,101,"Park, Ju Hyeok",20010518,182,82,Right,Right
2025,삼성,SAM_LIO,MIN_SAM,54466,54466,박준용,P,113,"Park, Jun Yong",20031219,184,92,Right,Right
2025,삼성,SAM_LIO,MIN_SAM,53411,53411,박진우,C,111,"Park, Jin Woo",20031014,176,87,Right,Right
2025,삼성,SAM_LIO,MIN_SAM,55455,55455,배찬승,P,55,"Bae, Chan Seung",20060101,180,85,Left,Left
2025,삼성,SAM_LIO,MIN_SAM,77446,77446,백정현,P,29,"Baek, Jung Hyun",19870713,184,80,Left,Left
2025,삼성,SAM_LIO,MIN_SAM,73801,73801,송은범,P,46,"Song, Eun Beom",19840317,182,93,Right,Right
2025,삼성,SAM_LIO,MIN_SAM,54405,54405,신경민,P,110,"Shin, Kyung Min",20040316,186,103,Right,Right
2025,삼성,SAM_LIO,MIN_SAM,55438,55438,심재훈,IF,38,"Sim, Jae Hoon",20060303,180,80,Right,Right
2025,삼성,SAM_LIO,MIN_SAM,66406,66406,안주형,IF,14,"An, Ju Hyeong",19930814,176,68,Right,Left
2025,삼성,SAM_LIO,MIN_SAM,54408,54408,양도근,IF,68,"Yang, Do Geun",20030206,173,72,Right,Right
2025,삼성,SAM_LIO,MIN_SAM,69403,69403,양우현,IF,53,"Yang, Woo Hyun",20000413,175,82,Right,Left
2025,삼성,SAM_LIO,MIN_SAM,68415,68415,양창섭,P,42,"Yang, Chang Seop",19990922,182,85,Right,Right
2025,삼성,SAM_LIO,MIN_SAM,61268,61268,양현,P,19,"Yang, Hyun",19920823,189,104,Right,Right
2025,삼성,SAM_LIO,MIN_SAM,75421,75421,오승환,P,21,"Oh, Seung Hwan",19820715,178,93,Right,Right
2025,삼성,SAM_LIO,MIN_SAM,51466,51466,오현석,IF,103,"Oh, Hyeon Seok",20010305,183,99,Right,Left
2025,삼성,SAM_LIO,MIN_SAM,55428,55428,우승완,P,128,"Woo, Seung Wan",20050906,186,90,Right,Right
2025,삼성,SAM_LIO,MIN_SAM,69446,69446,원태인,P,18,"Won, Tae In",20000406,183,92,Right,Right
2025,삼성,SAM_LIO,MIN_SAM,54406,54406,유병선,P,102,"Yoo, Byung Sun",20050912,181,84,Right,Right
2025,삼성,SAM_LIO,MIN_SAM,54404,54404,육선엽,P,4,"Yook, Sun Yeop",20050713,190,90,Right,Right
2025,삼성,SAM_LIO,MIN_SAM,68463,68463,윤정빈,OF,31,"Yoon, Jeong Bin",19990624,182,93,Right,Left
2025,삼성,SAM_LIO,MIN_SAM,69428,69428,이병헌,C,23,"Lee, Byung Heon",19991026,180,87,Right,Right
2025,삼성,SAM_LIO,MIN_SAM,63960,63960,이상민,P,15,"Lee, Sang Min",19901104,180,85,Left,Left
2025,삼성,SAM_LIO,MIN_SAM,66409,66409,이성규,OF,13,"Lee, Sung Gyu",19930803,178,82,Right,Right
2025,삼성,SAM_LIO,MIN_SAM,50464,50464,이승민,P,28,"Lee, Seung Min",20000826,174,79,Left,Left
2025,삼성,SAM_LIO,MIN_SAM,51454,51454,이승현,P,57,"Lee, Seung Hyun",20020519,183,102,Left,Left
2025,삼성,SAM_LIO,MIN_SAM,60146,60146,이승현,P,20,"Lee, Seung Hyun",19911120,181,92,Right,Right
2025,삼성,SAM_LIO,MIN_SAM,63492,63492,이재익,P,26,"Lee, Jae Ik",19940318,180,76,Left,Left
2025,삼성,SAM_LIO,MIN_SAM,52415,52415,이재현,IF,7,"Lee, Jae Hyun",20030204,180,82,Right,Right
2025,삼성,SAM_LIO,MIN_SAM,51460,51460,이재희,P,59,"Lee, Jae Hee",20011011,187,100,Right,Left
2025,삼성,SAM_LIO,MIN_SAM,55417,55417,이진용,OF,117,"Lee, Jin Yong",20060630,183,80,Right,Left
2025,삼성,SAM_LIO,MIN_SAM,51407,51407,이창용,IF,50,"Lee, Chang Yong",19990603,184,89,Right,Right
2025,삼성,SAM_LIO,MIN_SAM,69416,69416,이해승,IF,56,"Lee, Hae Seung",20000801,180,86,Right,Right
2025,삼성,SAM_LIO,MIN_SAM,54411,54411,이현준,IF,118,"Lee, Hyun Jun",20010420,182,80,Right,Right
2025,삼성,SAM_LIO,MIN_SAM,53455,53455,이호성,P,1,"Lee, Ho Sung",20040814,184,87,Right,Right
2025,삼성,SAM_LIO,MIN_SAM,78352,78352,임창민,P,45,"Lim, Chang Min",19850825,183,94,Right,Right
2025,삼성,SAM_LIO,MIN_SAM,65586,65586,전병우,IF,34,"Jeon, Byeong Woo",19921024,182,93,Right,Right
2025,삼성,SAM_LIO,MIN_SAM,54467,54467,정민성,P,148,"Jeong, Min Seong",20050509,184,98,Right,Right
2025,삼성,SAM_LIO,MIN_SAM,51468,51468,주한울,OF,104,"Joo, Han Ul",20020608,183,83,Right,Right
2025,삼성,SAM_LIO,MIN_SAM,55415,55415,진희성,P,115,"Jin, Hee Sung",20060518,179,90,Right,Right
2025,삼성,SAM_LIO,MIN_SAM,52400,52400,차동영,C,106,"Cha, Dong Young",20021101,181,82,Right,Right
2025,삼성,SAM_LIO,MIN_SAM,55435,55435,차승준,IF,35,"Cha, Seung Jun",20061120,181,88,Right,Left
2025,삼성,SAM_LIO,MIN_SAM,55414,55414,천겸,P,114,"Cheon, Gyeom",20060125,179,88,Right,Right
2025,삼성,SAM_LIO,MIN_SAM,62146,62146,최성훈,P,54,"Choi, Sung Hoon",19891011,178,75,Left,Left
2025,삼성,SAM_LIO,MIN_SAM,55419,55419,최예한,P,109,"Choe, Ye Han",20020602,183,90,Right,Right
2025,삼성,SAM_LIO,MIN_SAM,65320,65320,최원태,P,3,"Choi, Won Tae",19970107,184,104,Right,Right
2025,삼성,SAM_LIO,MIN_SAM,67421,67421,최지광,P,11,"Choi, Ji Guang",19980313,173,85,Right,Right
2025,삼성,SAM_LIO,MIN_SAM,66451,66451,최충연,P,51,"Choi, Chung Yeon",19970305,190,85,Right,Right
2025,삼성,SAM_LIO,MIN_SAM,68501,68501,최하늘,P,37,"Choi, Ha Neul",19990326,190,99,Right,Right
2025,삼성,SAM_LIO,MIN_SAM,55440,55440,함수호,OF,40,"Ham, Soo Ho",20060310,181,88,Left,Left
2025,삼성,SAM_LIO,MIN_SAM,50430,50430,홍원표,P,65,"Hong, Won Pyo",20010327,183,86,Right,Right
2025,삼성,SAM_LIO,MIN_SAM,55412,55412,홍준영,P,112,"Hong, Jun Yeong",20040818,180,76,Right,Right
2025,삼성,SAM_LIO,MIN_SAM,67005,67005,홍현빈,OF,63,"Hong, Hyeon Bin",19970829,174,70,Right,Left
2025,삼성,SAM_LIO,MIN_SAM,50441,50441,황동재,P,61,"Hwang, Dong Jae",20011103,191,97,Right,Right
2025,삼성,SAM_LIO,MIN_SAM,53375,642558,후라도,P,75,"Jurado, Ariel",19960130,188,109,Right,Right
2025,SSG,SSG_LAN,MIN_SSG,51868,51868,고명준,IF,18,"Ko, Myeong Jun",20020708,185,94,Right,Right
2025,SSG,SSG_LAN,MIN_SSG,51867,51867,김건우,P,39,"Kim, Keon Woo",20020712,185,88,Left,Left
2025,SSG,SSG_LAN,MIN_SSG,77829,77829,김광현,P,29,"Kim, Kwang Hyun",19880722,188,88,Left,Left
2025,SSG,SSG_LAN,MIN_SSG,54810,54810,김규민,C,61,"Kim, Kyu Min",20020823,180,94,Right,Left
2025,SSG,SSG_LAN,MIN_SSG,68043,68043,김민,P,41,"Kim, Min",19990414,185,88,Right,Right
2025,SSG,SSG_LAN,MIN_SSG,62864,62864,김민식,C,24,"Kim, Min Sik",19890628,180,80,Right,Left
2025,SSG,SSG_LAN,MIN_SSG,50848,50848,김성민,IF,56,"Kim, Seong Min",20010430,184,88,Right,Right
2025,SSG,SSG_LAN,MIN_SSG,76802,76802,김성현,IF,6,"Kim, Sung Hyun",19870309,172,72,Right,Right
2025,SSG,SSG_LAN,MIN_SSG,67900,67900,김수윤,IF,4,"Kim, Soo Yoon",19980716,180,83,Right,Right
2025,SSG,SSG_LAN,MIN_SSG,53805,53805,김준영,P,3,"Kim, Jun Young",20031118,178,83,Right,Right
2025,SSG,SSG_LAN,MIN_SSG,66917,66917,김찬형,IF,5,"Kim, Chan Hyung",19971229,182,83,Right,Right
2025,SSG,SSG_LAN,MIN_SSG,69825,69825,김창평,OF,64,"Kim, Chang Pyeong",20000614,185,85,Right,Left
2025,SSG,SSG_LAN,MIN_SSG,52803,52803,김태윤,IF,36,"Kim, Tae Yoon",20030228,170,65,Right,Left
2025,SSG,SSG_LAN,MIN_SSG,65343,65343,김택형,P,43,"Kim, Taek Hyeong",19961010,185,90,Left,Left
2025,SSG,SSG_LAN,MIN_SSG,55895,55895,김현재,P,95,"Kim, Hyeon Jae",20060703,177,78,Left,Left
2025,SSG,SSG_LAN,MIN_SSG,73211,73211,노경은,P,38,"Noh, Kyung Eun",19840311,187,100,Right,Right
2025,SSG,SSG_LAN,MIN_SSG,55802,55802,도재현,P,2,"Do, Jae Hyun",20010308,193,103,Right,Right
2025,SSG,SSG_LAN,MIN_SSG,50868,50868,류효승,OF,45,"Ryu, Hyo Seung",19960716,190,100,Right,Right
2025,SSG,SSG_LAN,MIN_SSG,62869,62869,문승원,P,42,"Moon, Seung Won",19891128,180,88,Right,Right
2025,SSG,SSG_LAN,MIN_SSG,54802,54802,박기호,P,66,"Park, Ki Ho",20050726,184,80,Right,Right
2025,SSG,SSG_LAN,MIN_SSG,64944,64944,박대온,C,12,"Park, Dae On",19950828,182,85,Right,Right
2025,SSG,SSG_LAN,MIN_SSG,54807,54807,박성빈,P,0,"Park, Sung Bin",20031229,187,92,Right,Right
2025,SSG,SSG_LAN,MIN_SSG,67893,67893,박성한,IF,2,"Park, Seong Han",19980330,180,77,Right,Left
2025,SSG,SSG_LAN,MIN_SSG,50812,50812,박시후,P,57,"Park, Si Hoo",20010510,182,88,Left,Left
2025,SSG,SSG_LAN,MIN_SSG,51860,51860,박정빈,OF,58,"Park, Jung Bin",20020614,182,80,Right,Right
2025,SSG,SSG_LAN,MIN_SSG,60841,60841,박종훈,P,50,"Park, Jong Hun",19910813,186,90,Right,Right
2025,SSG,SSG_LAN,MIN_SSG,54805,54805,박지환,IF,1,"Park, Ji Hwan",20050712,183,75,Right,Right
2025,SSG,SSG_LAN,MIN_SSG,69839,69839,백승건,P,11,"Baek, Seung Geon",20001029,183,85,Left,Left
2025,SSG,SSG_LAN,MIN_SSG,54814,54814,백준서,OF,69,"Baek, Jun Seo",20050926,181,89,Right,Right
2025,SSG,SSG_LAN,MIN_SSG,61895,61895,서진용,P,22,"Seo, Jin Yong",19921002,184,88,Right,Right
2025,SSG,SSG_LAN,MIN_SSG,52804,52804,석정우,IF,52,"Seok, Jung Woo",19990120,180,82,Right,Right
2025,SSG,SSG_LAN,MIN_SSG,53898,53898,송영진,P,28,"Song, Young Jin",20040528,185,90,Right,Left
2025,SSG,SSG_LAN,MIN_SSG,66662,66662,신범수,C,25,"Shin, Beom Soo",19980125,177,83,Right,Left
2025,SSG,SSG_LAN,MIN_SSG,55860,55860,신지환,P,60,"Shin, Ji Hwan",20060417,180,81,Left,Left
2025,SSG,SSG_LAN,MIN_SSG,52873,52873,신헌민,P,49,"Shin, Heon Min",20020719,187,88,Right,Right
2025,SSG,SSG_LAN,MIN_SSG,66864,66864,안상현,IF,10,"An, Sang Hyun",19970127,178,74,Right,Right
2025,SSG,SSG_LAN,MIN_SSG,53897,53897,안현서,P,48,"An, Hyun Seo",20041016,185,83,Left,Left
2025,SSG,SSG_LAN,MIN_SSG,54833,623454,앤더슨,P,33,"Anderson, Drew",19940322,194,83,Right,Right
2025,SSG,SSG_LAN,MIN_SSG,53827,628338,에레디아,OF,27,"Heredia, Guillermo",19910131,178,88,Left,Right
2025,SSG,SSG_LAN,MIN_SSG,60558,60558,오태곤,OF,37,"Oh, Tae Gon",19911118,186,88,Right,Right
2025,SSG,SSG_LAN,MIN_SSG,64861,64861,이건욱,P,16,"Lee, Geun Wook",19950213,182,85,Right,Right
2025,SSG,SSG_LAN,MIN_SSG,55896,55896,이도우,P,96,"Yi, Do Woo",20060513,191,96,Right,Right
2025,SSG,SSG_LAN,MIN_SSG,53892,53892,이로운,P,92,"Lee, Ro Un",20040911,185,105,Right,Right
2025,SSG,SSG_LAN,MIN_SSG,54806,54806,이승민,OF,9,"Lee, Seung Min",20050106,187,90,Left,Left
2025,SSG,SSG_LAN,MIN_SSG,53809,53809,이승훈,P,46,"Lee, Seung Hoon",20040812,186,81,Right,Right
2025,SSG,SSG_LAN,MIN_SSG,55893,55893,이원준,OF,93,"Lee, Won Jun",20060315,181,95,Left,Right
2025,SSG,SSG_LAN,MIN_SSG,55832,55832,이율예,C,32,"Lee, Yul Ye",20061121,183,90,Right,Right
2025,SSG,SSG_LAN,MIN_SSG,67807,67807,이정범,OF,31,"Lee, Jeong Beom",19980410,178,88,Left,Left
2025,SSG,SSG_LAN,MIN_SSG,79456,79456,이지영,C,59,"Lee, Ji Young",19860227,177,88,Right,Right
2025,SSG,SSG_LAN,MIN_SSG,52807,52807,임근우,OF,68,"Im, Geun Woo",19990722,180,88,Right,Right
2025,SSG,SSG_LAN,MIN_SSG,52802,52802,임성준,P,63,"Im, Sung Jun",20011116,183,93,Right,Right
2025,SSG,SSG_LAN,MIN_SSG,51895,51895,장지훈,P,21,"Jang, Ji Hun",19981206,177,78,Right,Right
2025,SSG,SSG_LAN,MIN_SSG,52809,52809,전영준,P,65,"Jeon, Young Jun",20020416,190,100,Right,Right
2025,SSG,SSG_LAN,MIN_SSG,66858,66858,정동윤,P,51,"Chung, Dong Yoon",19971022,193,103,Right,Left
2025,SSG,SSG_LAN,MIN_SSG,54812,54812,정준재,IF,3,"Jung, Jun Jae",20030103,165,68,Right,Left
2025,SSG,SSG_LAN,MIN_SSG,54815,54815,정현승,OF,47,"Jung, Hyun Seung",20011024,180,80,Left,Left
2025,SSG,SSG_LAN,MIN_SSG,51897,51897,조병현,P,19,"Jo, Byeong Hyeon",20020508,182,90,Right,Right
2025,SSG,SSG_LAN,MIN_SSG,51809,51809,조요한,P,98,"Cho, Yo Han",20000106,191,102,Right,Right
2025,SSG,SSG_LAN,MIN_SSG,51865,51865,조형우,C,20,"Cho, Hyeong Woo",20020404,187,95,Right,Right
2025,SSG,SSG_LAN,MIN_SSG,69804,69804,채현우,OF,15,"Chae, Hyun Woo",19951121,182,80,Right,Right
2025,SSG,SSG_LAN,MIN_SSG,55890,55890,천범석,P,90,"Chun, Bum Suk",20060306,183,86,Right,Right
2025,SSG,SSG_LAN,MIN_SSG,68856,68856,최민준,P,30,"Choi, Min Jun",19990611,178,83,Right,Right
2025,SSG,SSG_LAN,MIN_SSG,65157,65157,최민창,OF,53,"Choi, Min Chang",19960416,179,76,Left,Left
2025,SSG,SSG_LAN,MIN_SSG,68805,68805,최상민,OF,23,"Choi, Sang Min",19990820,178,75,Left,Left
2025,SSG,SSG_LAN,MIN_SSG,69893,69893,최수호,P,62,"Choi, Soo Ho",20000719,183,78,Right,Right
2025,SSG,SSG_LAN,MIN_SSG,55894,55894,최윤석,IF,94,"Choi, Yun Seok",20060425,187,93,Right,Right
2025,SSG,SSG_LAN,MIN_SSG,75847,75847,최정,IF,14,"Choi, Jeong",19870228,180,90,Right,Right
2025,SSG,SSG_LAN,MIN_SSG,68868,68868,최준우,IF,7,"Choi, Jun Woo",19990325,176,78,Right,Left
2025,SSG,SSG_LAN,MIN_SSG,50854,50854,최지훈,OF,54,"Choi, Ji Hoon",19970723,178,82,Right,Left
2025,SSG,SSG_LAN,MIN_SSG,54803,54803,최현석,P,40,"Choi, Hyun Seok",20031016,185,90,Right,Right
2025,SSG,SSG_LAN,MIN_SSG,69813,69813,하재훈,OF,13,"Ha, Jae Hoon",19901029,182,90,Right,Right
2025,SSG,SSG_LAN,MIN_SSG,68092,68092,한두솔,P,34,"Han, Doo Sol",19970115,177,86,Left,Left
2025,SSG,SSG_LAN,MIN_SSG,62895,62895,한유섬,OF,35,"Han, Yoo Seom",19890809,190,105,Right,Left
2025,SSG,SSG_LAN,MIN_SSG,55801,55801,한지헌,P,1,"Han, Ji Heon",20040814,183,86,Right,Right
2025,SSG,SSG_LAN,MIN_SSG,54813,54813,허진,IF,67,"Heo, Jin",20010616,175,78,Right,Left
2025,SSG,SSG_LAN,MIN_SSG,50840,50840,현원회,IF,8,"Hyun, Won Hoe",20010708,180,95,Right,Right
2025,SSG,SSG_LAN,MIN_SSG,55897,55897,홍대인,IF,97,"Hong, Dae In",20011123,174,76,Right,Left
2025,SSG,SSG_LAN,MIN_SSG,55855,669952,화이트,P,55,"White, Mitch",19941228,190,95,Right,Right
2025,두산,DOO_BEA,MIN_DOO,52210,52210,강동형,OF,104,"Kang, Dong Hyung",19991207,186,86,Right,Left
2025,두산,DOO_BEA,MIN_DOO,63123,63123,강승호,IF,23,"Kang, Seung Ho",19940209,178,88,Right,Right
2025,두산,DOO_BEA,MIN_DOO,51269,51269,강현구,OF,60,"Kang, Hyun Gu",20020616,186,98,Right,Right
2025,두산,DOO_BEA,MIN_DOO,68220,68220,곽빈,P,47,"Gwak, Been",19990528,187,95,Right,Right
2025,두산,DOO_BEA,MIN_DOO,50203,50203,권휘,P,18,"Kwon, Hwi",20001207,181,87,Right,Right
2025,두산,DOO_BEA,MIN_DOO,66112,66112,김기연,C,45,"Kim, Ki Yeon",19970907,178,106,Right,Right
2025,두산,DOO_BEA,MIN_DOO,69238,69238,김대한,OF,27,"Kim, Dae Han",20001206,185,83,Right,Right
2025,두산,DOO_BEA,MIN_DOO,51294,51294,김도윤,P,66,"Kim, Do Yun",20020628,181,83,Right,Left
2025,두산,DOO_BEA,MIN_DOO,52267,52267,김동준,IF,48,"Kim, Dong Jun",20020904,193,100,Left,Left
2025,두산,DOO_BEA,MIN_DOO,67246,67246,김명신,P,46,"Kim, Myeong Sin",19931129,178,90,Right,Right
2025,두산,DOO_BEA,MIN_DOO,54215,54215,김무빈,P,64,"Kim, Moo Bin",20050411,181,85,Left,Left
2025,두산,DOO_BEA,MIN_DOO,68200,68200,김민규,P,19,"Kim, Min Gyu",19990507,183,90,Right,Left
2025,두산,DOO_BEA,MIN_DOO,53554,53554,김민석,OF,2,"Kim, Min Suk",20040509,185,83,Right,Left
2025,두산,DOO_BEA,MIN_DOO,65269,65269,김민혁,IF,10,"Kim, Min Hyeok",19960503,188,100,Right,Right
2025,두산,DOO_BEA,MIN_DOO,55225,55225,김민호,IF,124,"Kim, Min Ho",20020208,180,76,Right,Right
2025,두산,DOO_BEA,MIN_DOO,55216,55216,김성재,C,116,"Kim, Sung Jae",20060516,182,98,Right,Right
2025,두산,DOO_BEA,MIN_DOO,53262,53262,김유성,P,20,"Kim, Yu Seong",20020101,190,98,Right,Right
2025,두산,DOO_BEA,MIN_DOO,63257,63257,김인태,OF,33,"Kim, In Tae",19940703,178,78,Left,Left
2025,두산,DOO_BEA,MIN_DOO,78224,78224,김재환,OF,32,"Kim, Jae Hwan",19880922,183,90,Right,Left
2025,두산,DOO_BEA,MIN_DOO,68830,68830,김정우,P,30,"Kim, Jeong Woo",19990515,183,87,Right,Right
2025,두산,DOO_BEA,MIN_DOO,55226,55226,김준상,IF,125,"Kim, Jun Sang",20040802,184,75,Right,Left
2025,두산,DOO_BEA,MIN_DOO,55222,55222,김지윤,P,122,"Kim, Ji Yun",20040113,183,84,Right,Right
2025,두산,DOO_BEA,MIN_DOO,54217,54217,김태완,P,112,"Kim, Tae Wan",20050329,184,87,Right,Right
2025,두산,DOO_BEA,MIN_DOO,54263,54263,김택연,P,63,"Kim, Taek Yeon",20050603,181,88,Right,Right
2025,두산,DOO_BEA,MIN_DOO,55221,55221,김한중,P,121,"Kim, Han Jung",20041103,183,89,Right,Right
2025,두산,DOO_BEA,MIN_DOO,68269,68269,김호준,P,56,"Kim, Ho Jun",19980517,180,82,Left,Left
2025,두산,DOO_BEA,MIN_DOO,69104,69104,남호,P,102,"Nam, Ho",20000720,185,86,Left,Left
2025,두산,DOO_BEA,MIN_DOO,54219,54219,류현준,C,11,"Ryu, Hyun Jun",20050325,182,92,Right,Right
2025,두산,DOO_BEA,MIN_DOO,64468,64468,박계범,IF,14,"Park, Gye Beom",19960111,177,84,Right,Right
2025,두산,DOO_BEA,MIN_DOO,55223,55223,박민제,P,123,"Park, Min Je",20031020,190,98,Right,Right
2025,두산,DOO_BEA,MIN_DOO,53204,53204,박민준,C,26,"Park, Min Jun",20021021,183,95,Right,Right
2025,두산,DOO_BEA,MIN_DOO,51298,51298,박성재,C,15,"Park, Seoung Jae",20021118,186,98,Right,Right
2025,두산,DOO_BEA,MIN_DOO,68249,68249,박신지,P,49,"Park, Shin Zi",19990716,185,75,Right,Right
2025,두산,DOO_BEA,MIN_DOO,55220,55220,박연준,P,120,"Park, Yeon Jun",20000705,184,94,Right,Right
2025,두산,DOO_BEA,MIN_DOO,50205,50205,박웅,P,106,"Park, Woong",19971112,192,103,Right,Right
2025,두산,DOO_BEA,MIN_DOO,65639,65639,박정수,P,12,"Park, Jung Soo",19960129,178,74,Right,Left
2025,두산,DOO_BEA,MIN_DOO,55252,55252,박준순,IF,52,"Park, Jun Soon",20060713,180,80,Right,Right
2025,두산,DOO_BEA,MIN_DOO,66928,66928,박준영,IF,16,"Park, Jun Young",19970805,180,90,Right,Right
2025,두산,DOO_BEA,MIN_DOO,54213,54213,박지호,P,4,"Park, Ji Ho",20030702,181,99,Left,Left
2025,두산,DOO_BEA,MIN_DOO,50204,50204,박지훈,IF,37,"Park, Ji Hoon",20000907,183,80,Right,Right
2025,두산,DOO_BEA,MIN_DOO,67266,67266,박치국,P,1,"Park, Chi Guk",19980310,177,78,Right,Right
2025,두산,DOO_BEA,MIN_DOO,54216,54216,손율기,OF,110,"Son, Yul Ki",20050611,180,100,Right,Left
2025,두산,DOO_BEA,MIN_DOO,52294,52294,신민철,IF,127,"Shin, Min Chul",20030113,185,90,Right,Right
2025,두산,DOO_BEA,MIN_DOO,64153,64153,양석환,IF,53,"Yang, Suk Hwan",19910715,185,90,Right,Right
2025,두산,DOO_BEA,MIN_DOO,76232,76232,양의지,C,25,"Yang, Eui Ji",19870605,180,95,Right,Right
2025,두산,DOO_BEA,MIN_DOO,55215,55215,양재훈,P,115,"Yang, Jae Hun",20030501,186,89,Right,Right
2025,두산,DOO_BEA,MIN_DOO,51200,51200,양현진,OF,100,"Yang, Hyeon Jin",20020103,191,86,Right,Right
2025,두산,DOO_BEA,MIN_DOO,54205,54205,여동건,IF,5,"Yeo, Tong Keon",20050804,175,75,Right,Right
2025,두산,DOO_BEA,MIN_DOO,55218,55218,연서준,P,118,"Yeon, Seo Jun",20060413,185,88,Left,Left
2025,두산,DOO_BEA,MIN_DOO,50208,50208,오명진,IF,6,"Oh, Myeong Jin",20010904,179,79,Right,Left
2025,두산,DOO_BEA,MIN_DOO,52202,52202,윤태호,P,65,"Yoon, Tae Ho",20031010,190,88,Right,Right
2025,두산,DOO_BEA,MIN_DOO,69205,69205,이교훈,P,7,"Lee, Kyo Hoon",20000529,181,83,Left,Left
2025,두산,DOO_BEA,MIN_DOO,52209,52209,이민석,IF,107,"Lee, Min Seok",20011101,182,88,Right,Right
2025,두산,DOO_BEA,MIN_DOO,52204,52204,이병헌,P,29,"Lee, Byung Heon",20030604,183,95,Left,Left
2025,두산,DOO_BEA,MIN_DOO,55224,55224,이선우,IF,24,"Lee, Seon Woo",20060404,182,80,Right,Left
2025,두산,DOO_BEA,MIN_DOO,64805,64805,이승진,P,55,"Lee, Seung Jin",19950107,186,86,Right,Right
2025,두산,DOO_BEA,MIN_DOO,66291,66291,이영하,P,50,"Lee, Young Ha",19971101,192,91,Right,Right
2025,두산,DOO_BEA,MIN_DOO,67207,67207,이유찬,IF,13,"Lee, Yu Chan",19980805,175,68,Right,Right
2025,두산,DOO_BEA,MIN_DOO,50262,50262,이주엽,P,43,"Lee, Ju Yeop",20010326,188,90,Right,Right
2025,두산,DOO_BEA,MIN_DOO,54236,54236,임종성,IF,3,"Im, Jong Sung",20050303,183,90,Right,Right
2025,두산,DOO_BEA,MIN_DOO,50244,50244,장규빈,C,44,"Chang, Kyu Bin",20010421,186,98,Right,Right
2025,두산,DOO_BEA,MIN_DOO,63202,63202,장승현,C,22,"Jang, Seung Hyun",19940307,184,86,Right,Right
2025,두산,DOO_BEA,MIN_DOO,53267,53267,장우진,P,126,"Jang, Woo Jin",20040320,188,84,Right,Right
2025,두산,DOO_BEA,MIN_DOO,55239,656657,잭로그,P,39,"Logue, Zach",19960423,183,84,Left,Left
2025,두산,DOO_BEA,MIN_DOO,54214,54214,전다민,OF,9,"Jeon, Da Min",20010821,177,75,Right,Left
2025,두산,DOO_BEA,MIN_DOO,79231,79231,정수빈,OF,31,"Jung, Soo Bin",19901007,175,70,Left,Left
2025,두산,DOO_BEA,MIN_DOO,64202,64202,정은재,#N/A,102,"Jung, Eun Jae",19911231,#N/A,#N/A,Right,Right
2025,두산,DOO_BEA,MIN_DOO,50211,50211,제환유,P,101,"Je, Hwan Yu",20000930,183,76,Right,Left
2025,두산,DOO_BEA,MIN_DOO,66209,66209,조수행,OF,51,"Jo, Soo Haeng",19930830,178,73,Right,Left
2025,두산,DOO_BEA,MIN_DOO,50296,50296,조제영,P,38,"Cho, Je Young",20010212,182,89,Right,Right
2025,두산,DOO_BEA,MIN_DOO,55217,55217,주양준,OF,117,"Joo, Yang Jun",20060409,188,85,Right,Right
2025,두산,DOO_BEA,MIN_DOO,52208,52208,천현재,C,103,"Cheon, Hyun Jae",19990705,183,90,Right,Left
2025,두산,DOO_BEA,MIN_DOO,55268,55268,최민석,P,68,"Choi, Min Seok",20060702,188,84,Right,Right
2025,두산,DOO_BEA,MIN_DOO,50298,50298,최세창,P,109,"Choi, Se Chang",20010601,187,95,Right,Right
2025,두산,DOO_BEA,MIN_DOO,51264,51264,최승용,P,28,"Choi, Seung Yong",20010511,190,87,Left,Left
2025,두산,DOO_BEA,MIN_DOO,51564,51564,최우인,P,108,"Choi, Woo In",20020809,191,91,Right,Right
2025,두산,DOO_BEA,MIN_DOO,55219,55219,최우혁,OF,119,"Choi, Woo Hyeok",20051202,190,90,Right,Left
2025,두산,DOO_BEA,MIN_DOO,67263,67263,최원준,P,61,"Choi, Won Joon",19941221,182,91,Right,Right
2025,두산,DOO_BEA,MIN_DOO,50206,50206,최종인,P,40,"Choi, Jong In",20010501,185,84,Right,Right
2025,두산,DOO_BEA,MIN_DOO,53259,53259,최준호,P,41,"Choi, Jun Ho",20040603,188,90,Right,Right
2025,두산,DOO_BEA,MIN_DOO,52206,52206,최지강,P,42,"Choi, Ji Kang",20010723,180,88,Right,Left
2025,두산,DOO_BEA,MIN_DOO,68362,68362,추재현,OF,36,"Choo, Jae Hyun",19990222,178,85,Left,Left
2025,두산,DOO_BEA,MIN_DOO,55208,595909,케이브,OF,8,"Cave, Jake",19921204,183,90,Left,Left
2025,두산,DOO_BEA,MIN_DOO,55257,608344,콜어빈,P,57,"Irvin, Cole",19940131,193,102,Left,Left
2025,두산,DOO_BEA,MIN_DOO,55214,55214,한다현,IF,114,"Han, Da Hyun",20060825,181,85,Right,Left
2025,두산,DOO_BEA,MIN_DOO,61643,61643,홍건희,P,17,"Hong, Geon Hui",19920929,187,97,Right,Right
2025,두산,DOO_BEA,MIN_DOO,55267,55267,홍민규,P,67,"Hong, Min Gyu",20060911,183,87,Right,Left
2025,두산,DOO_BEA,MIN_DOO,66233,66233,홍성호,OF,34,"Hong, Seong Ho",19970715,187,98,Right,Left
2025,두산,DOO_BEA,MIN_DOO,55258,55258,황희천,P,58,"Hwang, Hee Cheon",20061106,190,93,Left,Left
2025,롯데,LOT_GIA,MIN_LOT,54567,54567,강성우,IF,67,"Kang, Seong Woo",20050412,182,77,Right,Right
2025,롯데,LOT_GIA,MIN_LOT,54506,54506,강승구,C,39,"Kang, Seung Gu",20031019,180,83,Right,Right
2025,롯데,LOT_GIA,MIN_LOT,69517,69517,고승민,IF,2,"Go, Seung Min",20000811,189,92,Right,Left
2025,롯데,LOT_GIA,MIN_LOT,63543,63543,구승민,P,22,"Koo, Seung Min",19900612,182,86,Right,Right
2025,롯데,LOT_GIA,MIN_LOT,65522,65522,김강현,P,19,"Kim, Gang Hyun",19950227,177,84,Right,Left
2025,롯데,LOT_GIA,MIN_LOT,54511,54511,김대현,OF,100,"Kim, Dae Hyun",20031115,176,84,Right,Right
2025,롯데,LOT_GIA,MIN_LOT,68585,68585,김도규,P,124,"Kim, Do Gyu",19980711,192,118,Right,Right
2025,롯데,LOT_GIA,MIN_LOT,69592,69592,김동규,IF,121,"Kim, Dong Gyu",19990408,185,85,Right,Right
2025,롯데,LOT_GIA,MIN_LOT,52504,52504,김동혁,OF,50,"Kim, Dong Hyuk",20000915,177,77,Left,Left
2025,롯데,LOT_GIA,MIN_LOT,55502,55502,김동현,OF,102,"Kim, Dong Hyun",20041230,185,100,Right,Left
2025,롯데,LOT_GIA,MIN_LOT,77564,77564,김민성,IF,16,"Kim, Min Sung",19881217,181,94,Right,Right
2025,롯데,LOT_GIA,MIN_LOT,76430,76430,김상수,P,24,"Kim, Sang Su",19880102,180,88,Right,Right
2025,롯데,LOT_GIA,MIN_LOT,52514,52514,김세민,IF,119,"Kim, Se Min",20030614,183,78,Right,Right
2025,롯데,LOT_GIA,MIN_LOT,62528,62528,김원중,P,34,"Kim, Won Jung",19930614,192,96,Right,Left
2025,롯데,LOT_GIA,MIN_LOT,51516,51516,김진욱,P,15,"Kim, Jin Uk",20020705,185,90,Left,Left
2025,롯데,LOT_GIA,MIN_LOT,55507,55507,김태균,P,107,"Kim, Tae Gyun",20060731,191,97,Right,Right
2025,롯데,LOT_GIA,MIN_LOT,55566,55566,김태현,P,66,"Kim, Tae Hyun",20051116,185,87,Left,Left
2025,롯데,LOT_GIA,MIN_LOT,55501,55501,김현우,P,101,"Kim, Hyun Woo",20060318,183,90,Right,Right
2025,롯데,LOT_GIA,MIN_LOT,67539,67539,나균안,P,43,"Na, Gyun An",19980316,186,109,Right,Right
2025,롯데,LOT_GIA,MIN_LOT,51551,51551,나승엽,IF,51,"Na, Seung Yeup",20020215,190,82,Right,Left
2025,롯데,LOT_GIA,MIN_LOT,62931,62931,노진혁,IF,52,"No, Jin Hyuk",19890715,184,80,Right,Left
2025,롯데,LOT_GIA,MIN_LOT,55536,656353,데이비슨,P,36,"Davidson, Joseph Tucker",19960325,188,97,Left,Left
2025,롯데,LOT_GIA,MIN_LOT,54529,622682,레이예스,OF,29,"Reyes, Victor",19941005,196,87,Right,Left
2025,롯데,LOT_GIA,MIN_LOT,55509,55509,박건우,C,109,"Park, Kun Woo",20030201,183,92,Right,Right
2025,롯데,LOT_GIA,MIN_LOT,50563,50563,박로건,P,117,"Park, Ro Geon",20010827,186,88,Left,Left
2025,롯데,LOT_GIA,MIN_LOT,64021,64021,박세웅,P,21,"Park, Se Woong",19951130,182,85,Right,Right
2025,롯데,LOT_GIA,MIN_LOT,55568,55568,박세현,P,68,"Park, Se Hyun",20060121,183,88,Right,Right
2025,롯데,LOT_GIA,MIN_LOT,62802,62802,박승욱,IF,53,"Park, Seung Wook",19921204,184,83,Right,Left
2025,롯데,LOT_GIA,MIN_LOT,60559,60559,박시영,P,25,"Park, Si Young",19890310,181,92,Right,Right
2025,롯데,LOT_GIA,MIN_LOT,69507,69507,박영완,P,120,"Park, Young Wan",20000722,183,85,Right,Left
2025,롯데,LOT_GIA,MIN_LOT,55563,55563,박재엽,C,63,"Park, Jae Yeop",20060123,184,92,Right,Right
2025,롯데,LOT_GIA,MIN_LOT,54503,54503,박준우,P,58,"Park, Jun Woo",20050527,190,94,Right,Right
2025,롯데,LOT_GIA,MIN_LOT,55508,55508,박지훈,IF,108,"Park, Ji Hoon",20020514,176,75,Right,Right
2025,롯데,LOT_GIA,MIN_LOT,69594,69594,박진,P,44,"Park, Jin",19990402,182,106,Right,Right
2025,롯데,LOT_GIA,MIN_LOT,63512,63512,박진형,P,40,"Park, Jin Hyung",19940610,181,77,Right,Right
2025,롯데,LOT_GIA,MIN_LOT,52528,656212,반즈,P,28,"Barnes, Charlie",19951001,189,91,Left,Left
2025,롯데,LOT_GIA,MIN_LOT,54504,54504,배세종,P,122,"Bae, Se Jong",20011201,190,108,Right,Right
2025,롯데,LOT_GIA,MIN_LOT,54507,54507,백두산,C,62,"Baek, Doo San",20010520,180,95,Right,Right
2025,롯데,LOT_GIA,MIN_LOT,53569,53569,서동욱,C,35,"Seo, Dong Wook",20000324,175,88,Right,Right
2025,롯데,LOT_GIA,MIN_LOT,51528,51528,손성빈,C,6,"Son, Seoung Bin",20020114,186,92,Right,Right
2025,롯데,LOT_GIA,MIN_LOT,50150,50150,손호영,IF,33,"Son, Ho Young",19940823,182,88,Right,Right
2025,롯데,LOT_GIA,MIN_LOT,51594,51594,송재영,P,59,"Song, Jae Young",20020620,181,84,Left,Left
2025,롯데,LOT_GIA,MIN_LOT,68067,68067,신병률,P,12,"Shin, Byung Ryul",19960130,175,82,Right,Right
2025,롯데,LOT_GIA,MIN_LOT,69508,69508,신윤후,IF,3,"Shin, Yoon Hoo",19960105,177,77,Right,Right
2025,롯데,LOT_GIA,MIN_LOT,64017,64017,심재민,P,23,"Shim, Jae Min",19940218,182,92,Left,Right
2025,롯데,LOT_GIA,MIN_LOT,52565,52565,엄장윤,C,123,"Um, Jang Yoon",20031007,179,78,Right,Right
2025,롯데,LOT_GIA,MIN_LOT,55514,55514,오창현,OF,114,"Oh, Chang Hyun",20020521,165,65,Left,Left
2025,롯데,LOT_GIA,MIN_LOT,61102,61102,유강남,C,27,"Yoo, Kang Nam",19920715,182,88,Right,Right
2025,롯데,LOT_GIA,MIN_LOT,55512,55512,유태웅,IF,112,"Yu, Tae Woong",20020313,175,77,Right,Right
2025,롯데,LOT_GIA,MIN_LOT,52591,52591,윤동희,OF,91,"Yoon, Dong Hee",20030918,187,85,Right,Right
2025,롯데,LOT_GIA,MIN_LOT,67588,67588,윤성빈,P,55,"Yoon, Seong Pin",19990226,197,90,Right,Right
2025,롯데,LOT_GIA,MIN_LOT,52530,52530,이민석,P,37,"Lee, Min Seok",20031210,189,95,Right,Right
2025,롯데,LOT_GIA,MIN_LOT,51592,51592,이병준,P,45,"Lee, Byung Jun",20020528,185,95,Right,Right
2025,롯데,LOT_GIA,MIN_LOT,55513,55513,이상화,OF,113,"Lee, Sang Hwa",20020325,181,87,Right,Right
2025,롯데,LOT_GIA,MIN_LOT,68529,68529,이승헌,P,47,"Lee, Seung Heon",19981219,196,97,Right,Right
2025,롯데,LOT_GIA,MIN_LOT,55503,55503,이영재,P,103,"Lee, Young Jae",20061020,180,71,Left,Left
2025,롯데,LOT_GIA,MIN_LOT,50608,50608,이인한,OF,54,"Lee, In Han",19981224,183,95,Right,Right
2025,롯데,LOT_GIA,MIN_LOT,67644,67644,이정훈,OF,48,"Lee, Jeong Hun",19941207,185,90,Right,Left
2025,롯데,LOT_GIA,MIN_LOT,51560,51560,이주찬,IF,116,"Lee, Ju Chan",19980921,181,86,Right,Right
2025,롯데,LOT_GIA,MIN_LOT,55511,55511,이태경,IF,111,"Lee, Tae Kyung",20021124,176,77,Right,Right
2025,롯데,LOT_GIA,MIN_LOT,54598,54598,이호준,IF,30,"Lee, Ho Jun",20040320,172,72,Right,Left
2025,롯데,LOT_GIA,MIN_LOT,68507,68507,장두성,OF,7,"Jang, Du Seong",19990916,176,75,Right,Left
2025,롯데,LOT_GIA,MIN_LOT,54561,54561,전미르,P,61,"Jeon, Mi R",20050815,187,100,Right,Right
2025,롯데,LOT_GIA,MIN_LOT,68205,68205,전민재,IF,13,"Jeon, Min Jae",19990630,181,73,Right,Right
2025,롯데,LOT_GIA,MIN_LOT,78513,78513,전준우,OF,8,"Jeon, Jun Woo",19860225,184,98,Right,Right
2025,롯데,LOT_GIA,MIN_LOT,68518,68518,정보근,C,42,"Jeong, Bo Keun",19990831,175,89,Right,Right
2025,롯데,LOT_GIA,MIN_LOT,55515,55515,정선우,P,115,"Jeong, Sun Woo",20020612,173,80,Left,Left
2025,롯데,LOT_GIA,MIN_LOT,68556,68556,정성종,P,18,"Jung, Sung Jong",19951116,181,93,Right,Left
2025,롯데,LOT_GIA,MIN_LOT,51546,51546,정우준,P,46,"Jeong, Woo Jun",20000317,180,82,Right,Right
2025,롯데,LOT_GIA,MIN_LOT,68242,68242,정철원,P,65,"Jeong, Cheol Won",19990327,192,95,Right,Right
2025,롯데,LOT_GIA,MIN_LOT,54537,54537,정현수,P,57,"Jeong, Hyeon Su",20010510,180,84,Left,Left
2025,롯데,LOT_GIA,MIN_LOT,60523,60523,정훈,IF,9,"Jung, Hoon",19870718,180,85,Right,Right
2025,롯데,LOT_GIA,MIN_LOT,52516,52516,조세진,OF,5,"Jo, Se Jin",20031121,181,86,Right,Right
2025,롯데,LOT_GIA,MIN_LOT,55504,55504,조영우,P,104,"Cho, Young Woo",20060515,182,82,Right,Right
2025,롯데,LOT_GIA,MIN_LOT,52558,52558,진승현,P,26,"Jin, Seung Hyun",20030905,184,108,Right,Left
2025,롯데,LOT_GIA,MIN_LOT,76650,76650,진해수,P,31,"Jin, Hae Soo",19860626,187,85,Left,Left
2025,롯데,LOT_GIA,MIN_LOT,55505,55505,최민규,IF,105,"Choi, Min Kyu",20040223,173,74,Right,Right
2025,롯데,LOT_GIA,MIN_LOT,68036,68036,최이준,P,49,"Choi, E Jun",19990410,182,90,Right,Right
2025,롯데,LOT_GIA,MIN_LOT,50556,50556,최준용,P,56,"Choi, Jun Yong",20011010,185,85,Right,Right
2025,롯데,LOT_GIA,MIN_LOT,62884,62884,최항,IF,14,"Choi, Hang",19940103,183,88,Right,Left
2025,롯데,LOT_GIA,MIN_LOT,52560,52560,하혜성,P,118,"Ha, Hye Sung",20030609,191,85,Right,Right
2025,롯데,LOT_GIA,MIN_LOT,55506,55506,한승현,OF,106,"Han, Seung Hyun",20061029,183,80,Right,Right
2025,롯데,LOT_GIA,MIN_LOT,52568,52568,한태양,IF,60,"Han, Tae Yang",20030915,181,76,Right,Right
2025,롯데,LOT_GIA,MIN_LOT,62363,62363,한현희,P,1,"Han, Hyun Hee",19930625,182,98,Right,Right
2025,롯데,LOT_GIA,MIN_LOT,68260,68260,현도훈,P,17,"Hyun, Do Hoon",19930113,188,95,Right,Left
2025,롯데,LOT_GIA,MIN_LOT,50596,50596,홍민기,P,38,"Hong, Min Ki",20010720,185,85,Left,Left
2025,롯데,LOT_GIA,MIN_LOT,50500,50500,황성빈,OF,0,"Hwang, Seong Bin",19971219,172,76,Right,Left
2025,상무,,KBO_ARM,51143,51143,강효종,P,51,"Kang, Hyo Jong",20021014,182,84,Right,Right
2025,상무,,KBO_ARM,65933,65933,구창모,P,1,"Koo, Chang Mo",19970217,182,85,Left,Left
2025,상무,,KBO_ARM,51230,51230,김동주,P,50,"Kim, Dong Ju",20020214,190,92,Right,Right
2025,상무,,KBO_ARM,50360,50360,김동혁,P,49,"Kim, Dong Hyeok",20011227,184,80,Right,Right
2025,상무,,KBO_ARM,51604,51604,김선우,C,42,"Kim, Sun Woo",20010118,175,90,Right,Right
2025,상무,,KBO_ARM,51303,51303,김시앙,C,26,"Kim, Si Ang",20011031,177,84,Right,Right
2025,상무,,KBO_ARM,51097,51097,김영현,P,48,"Kim, Young Hyun",20020818,177,83,Right,Right
2025,상무,,KBO_ARM,53400,53400,김재상,IF,12,"Kim, Jae Sang",20040726,179,85,Right,Left
2025,상무,,KBO_ARM,67391,67391,김재웅,P,7,"Kim, Jae Woong",19981022,171,88,Left,Left
2025,상무,,KBO_ARM,53029,53029,김정운,P,6,"Kim, Jeong Woon",20040421,185,88,Right,Right
2025,상무,,KBO_ARM,51417,51417,김현준,OF,27,"Kim, Hyeon Joon",20021011,178,78,Left,Left
2025,상무,,KBO_ARM,53404,53404,류승민,OF,57,"Ryu, Seung Min",20041011,183,92,Left,Left
2025,상무,,KBO_ARM,53036,53036,류현인,IF,21,"Ryu, Hyun In",20001108,174,80,Right,Left
2025,상무,,KBO_ARM,52980,52980,박성재,C,22,"Park, Sung Jae",20030321,179,85,Right,Right
2025,상무,,KBO_ARM,50709,50709,박정현,IF,9,"Park, Jung Hyun",20010727,183,83,Right,Right
2025,상무,,KBO_ARM,52348,52348,박찬혁,OF,10,"Park, Chan Hyuk",20030425,180,88,Right,Right
2025,상무,,KBO_ARM,65516,65516,배제성,P,5,"Bae, Je Seong",19960929,190,90,Right,Left
2025,상무,,KBO_ARM,69962,69962,송명기,P,13,"Song, Myung Gi",20000809,191,102,Right,Right
2025,상무,,KBO_ARM,52702,52702,양경모,P,44,"Yang, Kyung Mo",20030324,184,95,Right,Right
2025,상무,,KBO_ARM,51991,51991,오장한,OF,17,"Oh, Jang Han",20020520,183,95,Right,Left
2025,상무,,KBO_ARM,51996,51996,오태양,IF,23,"Oh, Tae Yang",20020425,180,78,Right,Right
2025,상무,,KBO_ARM,69213,69213,윤산흠,P,55,"Yun, San Heum",19990515,178,75,Right,Right
2025,상무,,KBO_ARM,53296,53296,윤준호,C,11,"Yun, Jun Ho",20001114,179,93,Right,Right
2025,상무,,KBO_ARM,52868,52868,이기순,P,0,"Lee, Ki Soon",20030514,174,78,Left,Left
2025,상무,,KBO_ARM,51948,51948,이용준,P,29,"Lee, Yong Jun",20020508,180,95,Right,Right
2025,상무,,KBO_ARM,52295,52295,이원재,P,14,"Lee, Won Jae",20030507,187,95,Left,Left
2025,상무,,KBO_ARM,68106,68106,이재원,OF,52,"Lee, Jae Won",19990717,191,106,Right,Right
2025,상무,,KBO_ARM,69134,69134,이정용,P,3,"Yi, Jung Yong",19960326,185,83,Right,Right
2025,상무,,KBO_ARM,53562,53562,이진하,P,8,"Lee, Jin Ha",20040602,192,98,Right,Right
2025,상무,,KBO_ARM,53594,53594,이태연,P,19,"Lee, Tae Youn",20040221,180,89,Left,Left
2025,상무,,KBO_ARM,50820,50820,전의산,IF,47,"Jeon, Ui San",20001125,188,105,Right,Left
2025,상무,,KBO_ARM,53568,53568,정대선,IF,15,"Jung, Dae Sun",20041116,185,88,Right,Right
2025,상무,,KBO_ARM,68743,68743,정은원,IF,20,"Jung, Eun Won",20000117,177,82,Right,Left
2025,상무,,KBO_ARM,53058,53058,정준영,OF,53,"Jeong, Jun Young",20040126,173,73,Left,Left
2025,상무,,KBO_ARM,52903,52903,조민석,P,2,"Jo, Min Seok",19981221,180,83,Right,Right
2025,상무,,KBO_ARM,52405,52405,조민성,IF,16,"Cho, Min Sung",20031002,180,90,Right,Right
2025,상무,,KBO_ARM,68525,68525,한동희,IF,25,"Han, Dong Hui",19990601,182,108,Right,Right
2025,상무,,KBO_ARM,52628,52628,한승연,OF,37,"Han, Seung Yeon",20030609,183,92,Right,Right
2025,상무,,KBO_ARM,50726,50726,한승주,P,18,"Han, Seung Ju",20010317,183,85,Right,Right
2025,상무,,KBO_ARM,50449,50449,허윤동,#N/A,4,"Heo, Yun Dong",20010619,#N/A,#N/A,Left,Left
2025,상무,,KBO_ARM,51408,51408,홍승원,P,41,"Hong, Seung Won",20011206,185,95,Right,Right
2025,키움,KIW_HER,MIN_HER,62925,62925,강진성,IF,27,"Kang, Jin Sung",19931019,176,89,Right,Right
2025,키움,KIW_HER,MIN_HER,54344,54344,고영우,IF,44,"Ko, Young Woo",20010621,173,80,Right,Right
2025,키움,KIW_HER,MIN_HER,55371,55371,권혁빈,IF,71,"Gwon, Hyuk Bin",20051104,185,75,Right,Right
2025,키움,KIW_HER,MIN_HER,53312,53312,김건희,C,12,"Kim, Gun Hee",20041107,186,96,Right,Right
2025,키움,KIW_HER,MIN_HER,53164,53164,김동규,P,99,"Kim, Dong Kyu",20040709,194,100,Right,Right
2025,키움,KIW_HER,MIN_HER,66838,66838,김동엽,OF,38,"Kim, Dong Yub",19900724,186,101,Right,Right
2025,키움,KIW_HER,MIN_HER,53344,53344,김동헌,C,47,"Kim, Dong Heon",20040715,182,91,Right,Right
2025,키움,KIW_HER,MIN_HER,50304,50304,김병휘,IF,23,"Kim, Byeong Hwi",20010216,177,79,Right,Right
2025,키움,KIW_HER,MIN_HER,55359,55359,김서준,P,59,"Kim, Seo Jun",20061222,187,83,Right,Left
2025,키움,KIW_HER,MIN_HER,66018,66018,김선기,P,49,"Kim, Seon Gi",19910901,187,98,Right,Right
2025,키움,KIW_HER,MIN_HER,67828,67828,김성민,P,8,"Kim, Seong Min",19940426,181,90,Left,Left
2025,키움,KIW_HER,MIN_HER,54368,54368,김연주,P,68,"Kim, Yeon Ju",20040227,175,75,Right,Right
2025,키움,KIW_HER,MIN_HER,65898,65898,김웅빈,IF,10,"Kim, Woong Bin",19960209,182,97,Right,Left
2025,키움,KIW_HER,MIN_HER,54319,54319,김윤하,P,19,"Kim, Yun Ha",20050307,185,90,Right,Right
2025,키움,KIW_HER,MIN_HER,69367,69367,김인범,P,67,"Kim, In Beom",20000112,187,91,Right,Right
2025,키움,KIW_HER,MIN_HER,62332,62332,김재현,C,32,"Kim, Jae Hyun",19930318,178,90,Right,Right
2025,키움,KIW_HER,MIN_HER,54302,54302,김주훈,P,69,"Kim, Ju Hoon",20030625,180,80,Left,Left
2025,키움,KIW_HER,MIN_HER,54397,54397,김지성,C,65,"Kim, Ji Sung",20040527,174,91,Right,Right
2025,키움,KIW_HER,MIN_HER,64984,64984,김태진,IF,1,"Kim, Tae Jin",19951007,169,73,Right,Left
2025,키움,KIW_HER,MIN_HER,55322,670046,로젠버그,P,22,"Rosenberg, Kenny",19980709,186,90,Left,Left
2025,키움,KIW_HER,MIN_HER,54304,54304,박범준,P,45,"Park, Bum Jun",20040528,183,75,Right,Left
2025,키움,KIW_HER,MIN_HER,53305,53305,박성빈,C,56,"Park, Sung Bin",20040421,177,94,Right,Right
2025,키움,KIW_HER,MIN_HER,52305,52305,박수종,OF,14,"Park, Soo Jong",19990225,178,82,Right,Right
2025,키움,KIW_HER,MIN_HER,66305,66305,박승주,P,42,"Park, Seung Joo",19940212,183,96,Right,Right
2025,키움,KIW_HER,MIN_HER,54350,54350,박승호,P,80,"Park, Seung Ho",20050324,185,92,Right,Right
2025,키움,KIW_HER,MIN_HER,53301,53301,박윤성,P,35,"Park, Yoon Sung",20040208,183,96,Right,Right
2025,키움,KIW_HER,MIN_HER,55394,55394,박정훈,P,94,"Park, Jeong Hun",20060323,192,103,Left,Left
2025,키움,KIW_HER,MIN_HER,69328,69328,박주성,P,0,"Park, Ju Seong",20001109,180,90,Right,Right
2025,키움,KIW_HER,MIN_HER,50357,50357,박주홍,OF,57,"Park, Ju Hong",20010416,187,87,Left,Left
2025,키움,KIW_HER,MIN_HER,69363,69363,박준형,C,75,"Park, Jun Hyeong",19990307,177,89,Right,Right
2025,키움,KIW_HER,MIN_HER,54303,54303,박채울,OF,79,"Park, Cha Eul",20041120,185,86,Right,Right
2025,키움,KIW_HER,MIN_HER,52392,52392,백진수,P,84,"Baek, Jin Soo",20030215,191,97,Right,Right
2025,키움,KIW_HER,MIN_HER,68305,68305,변상권,OF,9,"Byeon, Sang Kwon",19970404,180,80,Right,Left
2025,키움,KIW_HER,MIN_HER,53309,53309,서유신,IF,98,"Seo, Yu Sin",20000817,176,76,Right,Right
2025,키움,KIW_HER,MIN_HER,54363,54363,손현기,P,63,"Son, Hyeon Gi",20051022,188,88,Left,Left
2025,키움,KIW_HER,MIN_HER,55300,55300,손힘찬,P,100,"Son, Him Chan",20020717,191,88,Right,Right
2025,키움,KIW_HER,MIN_HER,65357,65357,송성문,IF,24,"Song, Sung Mun",19960829,183,88,Right,Left
2025,키움,KIW_HER,MIN_HER,54394,54394,송지후,IF,86,"Song, Ji Hoo",20050108,175,74,Right,Right
2025,키움,KIW_HER,MIN_HER,54306,54306,심휘윤,IF,91,"Sim, Hwi Yoon",20050528,183,84,Right,Right
2025,키움,KIW_HER,MIN_HER,51305,51305,양경식,IF,64,"Yang, Kyung Sik",20010203,171,66,Right,Left
2025,키움,KIW_HER,MIN_HER,67365,67365,양지율,P,55,"Yang, Ji Yul",19981216,185,103,Right,Right
2025,키움,KIW_HER,MIN_HER,55370,55370,양현종,IF,70,"Yang, Hyun Jong",20060815,177,84,Right,Right
2025,키움,KIW_HER,MIN_HER,55392,55392,어준서,IF,92,"Eo, Joon Seo",20061127,183,87,Right,Left
2025,키움,KIW_HER,MIN_HER,55393,55393,여동욱,IF,93,"Yeo, Dong Uk",20051110,180,90,Right,Right
2025,키움,KIW_HER,MIN_HER,55339,55339,염승원,IF,39,"Yeom, Seung Won",20060320,180,78,Right,Left
2025,키움,KIW_HER,MIN_HER,53300,53300,오상원,P,0,"Oh, Sang Won",20040721,184,82,Right,Right
2025,키움,KIW_HER,MIN_HER,67116,67116,오석주,P,31,"Oh, Seok Joo",19980414,180,74,Right,Right
2025,키움,KIW_HER,MIN_HER,78756,78756,오선진,IF,60,"Oh, Sun Jin",19890707,178,80,Right,Right
2025,키움,KIW_HER,MIN_HER,55383,55383,오혜성,P,83,"Oh, Hye Seong",20060227,181,85,Right,Right
2025,키움,KIW_HER,MIN_HER,54307,54307,원성준,OF,33,"Won, Sung Jun",20000331,181,80,Right,Left
2025,키움,KIW_HER,MIN_HER,76118,76118,원종현,P,46,"Won, Jong Hyan",19870731,182,88,Right,Right
2025,키움,KIW_HER,MIN_HER,52395,52395,윤석원,P,95,"Yoon, Seok Won",20030704,185,81,Left,Left
2025,키움,KIW_HER,MIN_HER,55396,55396,윤현,P,96,"Yoon, Hyun",20061020,187,90,Right,Right
2025,키움,KIW_HER,MIN_HER,50036,50036,이강준,P,11,"Lee, Kang Jun",20011214,180,80,Right,Right
2025,키움,KIW_HER,MIN_HER,69366,69366,이명기,IF,34,"Lee, Myoung Ki",20000103,186,105,Right,Right
2025,키움,KIW_HER,MIN_HER,53302,53302,이승원,IF,26,"Lee, Seung Won",20040702,185,75,Right,Right
2025,키움,KIW_HER,MIN_HER,74163,74163,이용규,OF,15,"Lee, Yong Kyu",19850826,170,74,Left,Left
2025,키움,KIW_HER,MIN_HER,65964,65964,이우석,P,102,"Lee, Woo Seok",19960416,185,80,Right,Right
2025,키움,KIW_HER,MIN_HER,54301,54301,이우현,P,40,"Lee, Woo Hyun",20051127,183,80,Right,Right
2025,키움,KIW_HER,MIN_HER,75566,75566,이원석,IF,17,"Lee, Won Seok",19861021,181,82,Right,Right
2025,키움,KIW_HER,MIN_HER,54305,54305,이재상,IF,5,"Lee, Jae Sang",20050417,183,85,Right,Right
2025,키움,KIW_HER,MIN_HER,50354,50354,이종민,P,48,"Lee, Jong Min",20010604,185,96,Left,Left
2025,키움,KIW_HER,MIN_HER,50167,50167,이주형,OF,2,"Lee, Ju Hyoung",20010402,181,80,Right,Left
2025,키움,KIW_HER,MIN_HER,51302,51302,이주형,IF,58,"Lee, Ju Hyeong",20020705,183,105,Left,Left
2025,키움,KIW_HER,MIN_HER,55301,55301,이준우,P,101,"Lee, Joon Woo",20010302,183,93,Right,Right
2025,키움,KIW_HER,MIN_HER,78135,78135,이형종,OF,36,"Lee, Hyung Jong",19890607,183,87,Right,Right
2025,키움,KIW_HER,MIN_HER,64346,64346,임병욱,OF,6,"Lim, Byeong Wuk",19950930,187,94,Right,Left
2025,키움,KIW_HER,MIN_HER,64340,64340,임지열,OF,29,"Im, Ji Yeol",19950822,180,94,Right,Right
2025,키움,KIW_HER,MIN_HER,55382,55382,임진묵,P,82,"Iim, Jin Muk",20060423,181,85,Right,Right
2025,키움,KIW_HER,MIN_HER,51359,51359,장재영,OF,61,"Jang, Jae Young",20020510,187,83,Right,Right
2025,키움,KIW_HER,MIN_HER,77927,77927,장필준,P,18,"Jang, Pill Joon",19880408,190,90,Right,Right
2025,키움,KIW_HER,MIN_HER,54362,54362,전준표,P,62,"Jhun, Jun Pyo",20050507,186,90,Right,Right
2025,키움,KIW_HER,MIN_HER,55397,55397,전태현,IF,97,"Jeon, Tae Hyun",20060302,180,82,Right,Left
2025,키움,KIW_HER,MIN_HER,55385,55385,정동준,P,85,"Jeong, Dong Jun",20020114,183,90,Right,Right
2025,키움,KIW_HER,MIN_HER,55377,55377,정세영,P,77,"Jeong, Se Yeong",20060923,177,82,Left,Left
2025,키움,KIW_HER,MIN_HER,55313,55313,정현우,P,13,"Jung, Hyun Woo",20060413,181,91,Left,Left
2025,키움,KIW_HER,MIN_HER,68848,68848,조성훈,P,43,"Cho, Sung Hun",19990322,188,85,Right,Right
2025,키움,KIW_HER,MIN_HER,69360,69360,조영건,P,20,"Cho, Young Gun",19990204,180,85,Right,Right
2025,키움,KIW_HER,MIN_HER,69332,69332,주성원,OF,25,"Ju, Seong Won",20000830,182,95,Right,Right
2025,키움,KIW_HER,MIN_HER,52330,52330,주승우,P,30,"Joo, Seung Woo",20000130,180,82,Right,Right
2025,키움,KIW_HER,MIN_HER,76267,76267,최주환,IF,53,"Choi, Joo Hwan",19880228,177,73,Right,Left
2025,키움,KIW_HER,MIN_HER,54444,665180,카디네스,OF,4,"Cardenas, Ruben",19971010,185,93,Right,Right
2025,키움,KIW_HER,MIN_HER,52366,624577,푸이그,OF,66,"Puig, Yasiel",19901207,188,108,Right,Right
2025,키움,KIW_HER,MIN_HER,64350,64350,하영민,P,50,"Ha, Yeong Min",19950507,183,74,Right,Right
2025,한화,HAN_EAG,MIN_HAN,52769,666247,권광민,IF,17,"Kwon, Kwang Min",19971212,189,102,Left,Left
2025,한화,HAN_EAG,MIN_HAN,55764,55764,권민규,P,64,"Gwon, Min Gyu",20060513,188,90,Left,Left
2025,한화,HAN_EAG,MIN_HAN,69702,69702,김건,IF,56,"Kim, Gun",20000223,183,79,Right,Right
2025,한화,HAN_EAG,MIN_HAN,51713,51713,김규연,P,60,"Kim, Kyu Yeon",20020823,183,91,Right,Right
2025,한화,HAN_EAG,MIN_HAN,51715,51715,김기중,P,15,"Kim, Ki Joong",20021116,186,96,Left,Left
2025,한화,HAN_EAG,MIN_HAN,54705,54705,김도빈,P,62,"Kim, Do Bin",20010105,190,95,Right,Right
2025,한화,HAN_EAG,MIN_HAN,65764,65764,김민우,P,53,"Kim, Min Woo",19950725,186,123,Right,Right
2025,한화,HAN_EAG,MIN_HAN,65769,65769,김범수,P,47,"Kim, Beom Su",19951003,181,92,Left,Left
2025,한화,HAN_EAG,MIN_HAN,50710,50710,김범준,P,49,"Kim, Beom Jun",20000930,175,79,Right,Right
2025,한화,HAN_EAG,MIN_HAN,53754,53754,김서현,P,44,"Kim, Seo Hyeon",20040531,188,86,Right,Right
2025,한화,HAN_EAG,MIN_HAN,50711,50711,김승일,P,14,"Kim, Seung Il",20010707,183,85,Right,Right
2025,한화,HAN_EAG,MIN_HAN,66715,66715,김인환,IF,37,"Kim, In Hwan",19940128,186,100,Right,Left
2025,한화,HAN_EAG,MIN_HAN,63765,63765,김종수,P,38,"Kim, Jong Soo",19940603,180,88,Right,Right
2025,한화,HAN_EAG,MIN_HAN,66704,66704,김태연,OF,25,"Kim, Tae Yean",19970610,178,96,Right,Right
2025,한화,HAN_EAG,MIN_HAN,69737,69737,노시환,IF,8,"Roh, Si Hwan",20001203,185,105,Right,Right
2025,한화,HAN_EAG,MIN_HAN,76715,547943,류현진,P,99,"Ryu, Hyun Jin",19870325,190,113,Left,Right
2025,한화,HAN_EAG,MIN_HAN,52701,52701,문동주,P,1,"Moon, Dong Joo",20031223,188,97,Right,Right
2025,한화,HAN_EAG,MIN_HAN,51705,51705,문승진,P,96,"Moon, Seung Jin",20020402,185,91,Right,Right
2025,한화,HAN_EAG,MIN_HAN,53764,53764,문현빈,IF,51,"Moon, Hyun Bin",20040420,174,82,Right,Left
2025,한화,HAN_EAG,MIN_HAN,55711,55711,박부성,P,111,"Park, Bu Seong",20000117,185,85,Right,Right
2025,한화,HAN_EAG,MIN_HAN,66707,66707,박상언,C,42,"Park, Sang Un",19970303,185,90,Right,Right
2025,한화,HAN_EAG,MIN_HAN,67703,67703,박상원,P,58,"Park, Sang Won",19940909,187,98,Right,Right
2025,한화,HAN_EAG,MIN_HAN,55705,55705,박상현,P,105,"Park, Sang Hyun",20050106,184,83,Right,Right
2025,한화,HAN_EAG,MIN_HAN,68703,68703,박성웅,P,63,"Park, Seong Woong",19990820,178,109,Left,Left
2025,한화,HAN_EAG,MIN_HAN,51761,51761,배동현,P,61,"Bae, Dong Hyun",19980316,183,83,Right,Left
2025,한화,HAN_EAG,MIN_HAN,69974,69974,배민서,P,45,"Bae, Min Seo",19991118,184,90,Right,Right
2025,한화,HAN_EAG,MIN_HAN,55798,55798,배승수,IF,98,"Bae, Seung Su",20060515,184,73,Right,Right
2025,한화,HAN_EAG,MIN_HAN,53711,53711,성지훈,P,57,"Sung, Ji Hoon",20000129,181,68,Left,Left
2025,한화,HAN_EAG,MIN_HAN,51767,51767,송호정,IF,54,"Song, Ho Jung",20020310,185,78,Right,Left
2025,한화,HAN_EAG,MIN_HAN,53717,53717,신우재,IF,69,"Shin, Woo Jae",19971116,183,97,Right,Right
2025,한화,HAN_EAG,MIN_HAN,64006,64006,심우준,IF,2,"Shim, Woo Jun",19950428,183,75,Right,Right
2025,한화,HAN_EAG,MIN_HAN,51704,51704,안진,C,39,"Ahn, Jin",20021126,183,90,Right,Right
2025,한화,HAN_EAG,MIN_HAN,79608,79608,안치홍,IF,3,"An, Chi Hong",19900702,178,97,Right,Right
2025,한화,HAN_EAG,MIN_HAN,65056,65056,엄상백,P,11,"Um, Sang Back",19961004,187,72,Right,Right
2025,한화,HAN_EAG,MIN_HAN,55707,55707,엄상현,P,107,"Eom, Sang Hyun",20040706,175,80,Right,Right
2025,한화,HAN_EAG,MIN_HAN,55708,55708,엄요셉,P,108,"Eom, Yo Sep",20060529,190,94,Right,Right
2025,한화,HAN_EAG,MIN_HAN,54755,680802,와이스,P,55,"Weiss, Ryan",19961210,193,95,Right,Right
2025,한화,HAN_EAG,MIN_HAN,54702,54702,원종혁,P,48,"Won, Jong Hyuk",20050827,184,92,Right,Right
2025,한화,HAN_EAG,MIN_HAN,69766,69766,유로결,OF,33,"Yoo, Ro Kyeul",20000530,186,83,Right,Right
2025,한화,HAN_EAG,MIN_HAN,52765,52765,유민,OF,97,"Yoo, Min",20030120,187,92,Right,Right
2025,한화,HAN_EAG,MIN_HAN,63464,63464,윤대경,P,5,"Yun, Dae Kyung",19940409,179,81,Right,Right
2025,한화,HAN_EAG,MIN_HAN,54703,54703,이기창,P,100,"Lee, Ki Chang",20050421,184,88,Right,Right
2025,한화,HAN_EAG,MIN_HAN,65703,65703,이도윤,IF,7,"Lee, Do Yun",19961007,175,79,Right,Left
2025,한화,HAN_EAG,MIN_HAN,55704,55704,이동영,P,104,"Lee, Dong Yeong",20060409,185,85,Left,Left
2025,한화,HAN_EAG,MIN_HAN,65616,65616,이민우,P,27,"Lee, Min Woo",19930209,185,104,Right,Right
2025,한화,HAN_EAG,MIN_HAN,55710,55710,이민재,OF,110,"Lee, Min Jae",20040307,184,80,Right,Left
2025,한화,HAN_EAG,MIN_HAN,65117,65117,이상규,P,18,"Lee, Sang Kyu",19961020,185,77,Right,Right
2025,한화,HAN_EAG,MIN_HAN,52704,52704,이상혁,OF,9,"Lee, Sang Hyuk",20010914,174,65,Right,Left
2025,한화,HAN_EAG,MIN_HAN,52714,52714,이성민,P,93,"Lee, Sung Min",20020928,191,92,Right,Right
2025,한화,HAN_EAG,MIN_HAN,55712,55712,이승현,IF,112,"Lee, Seung Hyun",20020723,172,77,Right,Left
2025,한화,HAN_EAG,MIN_HAN,68700,68700,이원석,OF,50,"Lee, Won Seok",19990331,177,80,Right,Right
2025,한화,HAN_EAG,MIN_HAN,76812,76812,이재원,C,20,"Lee, Jae Won",19880224,185,98,Right,Right
2025,한화,HAN_EAG,MIN_HAN,55706,55706,이지성,IF,106,"Lee, Ji Sung",20051129,180,78,Right,Right
2025,한화,HAN_EAG,MIN_HAN,66657,66657,이진영,OF,10,"Lee, Jin Young",19970721,183,89,Right,Right
2025,한화,HAN_EAG,MIN_HAN,63749,63749,이충호,P,19,"Lee, Chung Ho",19940920,182,82,Left,Left
2025,한화,HAN_EAG,MIN_HAN,60768,60768,이태양,P,46,"Lee, Tae Yang",19900703,192,97,Right,Left
2025,한화,HAN_EAG,MIN_HAN,50704,50704,임종찬,OF,24,"Lim, Jong Chan",20010928,184,85,Right,Left
2025,한화,HAN_EAG,MIN_HAN,51762,51762,장규현,C,32,"Chang, Kyu Hyun",20020628,183,96,Right,Left
2025,한화,HAN_EAG,MIN_HAN,79764,79764,장민재,P,36,"Jang, Min Je",19900319,184,106,Right,Right
2025,한화,HAN_EAG,MIN_HAN,77318,77318,장시환,P,28,"Jang, Si Hwan",19871101,184,97,Right,Right
2025,한화,HAN_EAG,MIN_HAN,69645,69645,장지수,P,40,"Jang, Ji Su",20000525,179,80,Right,Right
2025,한화,HAN_EAG,MIN_HAN,51764,51764,정민규,IF,65,"Jeong, Min Kyu",20030110,183,101,Right,Right
2025,한화,HAN_EAG,MIN_HAN,54794,54794,정안석,OF,103,"Jeong, An Seok",20050126,183,78,Right,Left
2025,한화,HAN_EAG,MIN_HAN,55743,55743,정우주,P,43,"Jeong, Woo Joo",20061107,184,88,Right,Right
2025,한화,HAN_EAG,MIN_HAN,69767,69767,정이황,P,31,"Jung, Yi Hwang",20000307,190,89,Right,Right
2025,한화,HAN_EAG,MIN_HAN,54768,54768,조동욱,P,68,"Cho, Dong Uk",20041102,190,82,Left,Left
2025,한화,HAN_EAG,MIN_HAN,69705,69705,조한민,IF,4,"Jo, Han Min",20001020,182,77,Right,Right
2025,한화,HAN_EAG,MIN_HAN,65707,65707,주현상,P,66,"Joo, Hyun Sang",19920810,177,92,Right,Right
2025,한화,HAN_EAG,MIN_HAN,79192,79192,채은성,IF,22,"Chae, Eun Seong",19900206,186,92,Right,Right
2025,한화,HAN_EAG,MIN_HAN,50707,50707,최인호,OF,41,"Choi, In Ho",20000130,178,82,Right,Left
2025,한화,HAN_EAG,MIN_HAN,78288,78288,최재훈,C,13,"Choi, Jae Hoon",19890827,178,94,Right,Right
2025,한화,HAN_EAG,MIN_HAN,55709,55709,최주원,P,109,"Choi, Ju Won",20060111,185,85,Right,Right
2025,한화,HAN_EAG,MIN_HAN,54710,54710,최준서,OF,94,"Choi, Jun Seo",20000629,182,77,Right,Left
2025,한화,HAN_EAG,MIN_HAN,55730,664074,폰세,P,30,"Ponce, Cody",19940425,198,115,Right,Right
2025,한화,HAN_EAG,MIN_HAN,55734,664314,플로리얼,OF,34,"Florial, Estevan",19971125,185,88,Right,Left
2025,한화,HAN_EAG,MIN_HAN,62700,62700,하주석,IF,16,"Ha, Ju Suk",19940225,185,92,Right,Left
2025,한화,HAN_EAG,MIN_HAN,52710,52710,한경빈,IF,6,"Han, Kyeong Bin",19981211,178,69,Right,Left
2025,한화,HAN_EAG,MIN_HAN,53703,53703,한서구,P,102,"Han, Seo Gu",20031204,191,98,Left,Left
2025,한화,HAN_EAG,MIN_HAN,61666,61666,한승혁,P,26,"Han, Seung Hyuk",19930103,185,100,Right,Left
2025,한화,HAN_EAG,MIN_HAN,55767,55767,한지윤,C,67,"Han, Ji Youn",20060410,188,98,Right,Right
2025,한화,HAN_EAG,MIN_HAN,69706,69706,허관회,C,12,"Heo, Gwan Hoe",19990212,176,93,Right,Right
2025,한화,HAN_EAG,MIN_HAN,52764,52764,허인서,C,59,"Heo, In Seo",20030711,182,93,Right,Right
2025,한화,HAN_EAG,MIN_HAN,54795,54795,황영묵,IF,95,"Hwang, Young Mook",19991016,177,80,Right,Left
2025,한화,HAN_EAG,MIN_HAN,54729,54729,황준서,P,29,"Hwang, Jun Seo",20050822,185,78,Left,Left
2025,Atlanta Braves,-,-,-,686249,Nathan Wiles(RHP),P,-,-,-,-,-,-,-
2025,Boston Red Sox,-,-,-,476594,Robert Stock(RHP),P,-,-,-,-,-,-,-
2025,Boston Red Sox,-,-,-,647351,"Abraham Toro(2B, S)",IF,-,-,-,-,-,-,-
2025,Chicago White Sox,-,-,-,643290,Justin Dunn(RHP),P,-,-,-,-,-,-,-
2025,Chicago White Sox,-,-,-,641943,"Joshua Palacios(RF, LHH)",OF,-,-,-,-,-,-,-
2025,Chicago White Sox,-,-,-,667452,"Corey Julks(LF, RHH)",OF,-,-,-,-,-,-,-
2025,Chicago White Sox,-,-,-,666150,"Dominic Fletcher(CF, LHH)",OF,-,-,-,-,-,-,-
2025,Chicago White Sox,-,-,-,656457,Tyler Gilbert(LHP),P,-,-,-,-,-,-,-
2025,Chicago White Sox,-,-,-,669060,Bryse Wilson(RHP),P,-,-,-,-,-,-,-
2025,Chicago White Sox,-,-,-,669391,Owen White(RHP),P,-,-,-,-,-,-,-
2025,Cincinnati Reds,-,-,-,666181,"Will Benson(CF, LHH)",OF,-,-,-,-,-,-,-
2025,Cincinnati Reds,-,-,-,688005,"Francisco Urbaez(2B, RHH)",IF,-,-,-,-,-,-,-
2025,Cincinnati Reds,-,-,-,686730,Carson Spiers(RHP),P,-,-,-,-,-,-,-
2025,Cleveland Guardians,-,-,-,671286,"Johnathan Rodriguez(LF, LHH)",OF,-,-,-,-,-,-,-
2025,Detroit Tigers,-,-,-,657424,Matt Gage(LHP),P,-,-,-,-,-,-,-
2025,Detroit Tigers,-,-,-,592325,"Ben Gamel(RF, LHH)",OF,-,-,-,-,-,-,-
2025,Detroit Tigers,-,-,-,676551,"Brewer Hicklen(LF, RHH)",OF,-,-,-,-,-,-,-
2025,Detroit Tigers,-,-,-,676632,"Bligh Madris(1B, LHH)",IF,-,-,-,-,-,-,-
2025,Detroit Tigers,-,-,-,679712,Lael Lockhart(LHP),P,-,-,-,-,-,-,-
2025,Houston Astros,-,-,-,665846,"Jesus Bastidas(SS, RHH)",IF,-,-,-,-,-,-,-
2025,Houston Astros,-,-,-,592325,"Ben Gamel(RF, LHH)",OF,-,-,-,-,-,-,-
2025,Kansas City Royals,-,-,-,670231,"John Rave(CF, LHH)",OF,-,-,-,-,-,-,-
2025,LA Angels,-,-,-,667725,Kyle Tyler(RHP),P,-,-,-,-,-,-,-
2025,LA Angels,-,-,-,641312,Shaun Anderson(RHP),P,-,-,-,-,-,-,-
2025,LA Angels,-,-,-,676116,"Ryan Noda(1B, LHH)",IF,-,-,-,-,-,-,-
2025,LA Angels,-,-,-,664068,"Scott Kingery(SS, RHH)",IF,-,-,-,-,-,-,-
2025,LA Angels,-,-,-,666198,"Carter Kieboom(3B, RHH)",IF,-,-,-,-,-,-,-
2025,LA Dodgers,-,-,-,669899,"Ryan Ward(1B, LHH)",IF,-,-,-,-,-,-,-
2025,LA Dodgers,-,-,-,687941,Alex Gamboa(LHP),P,-,-,-,-,-,-,-
2025,LA Dodgers,-,-,-,669422,Matt Sauer(RHP),P,-,-,-,-,-,-,-
2025,Miami Marlins,-,-,-,676083,Janson Junk(RHP),P,-,-,-,-,-,-,-
2025,Miami Marlins,-,-,-,667472,"Myers Dann(CF, RHH)",OF,-,-,-,-,-,-,-
2025,Miami Marlins,-,-,-,669065,"Kyle Stowers(RF, LHH)",OF,-,-,-,-,-,-,-
2025,Milwaukee Brewers,-,-,-,660730,Elvin Rodriguez(RHP),P,-,-,-,-,-,-,-
2025,Minnesota Twins,-,-,-,676812,"Carson McCusker(RF, RHH)",OF,-,-,-,-,-,-,-
2025,New York Yankees,-,-,-,612797,Erick Leal(RHP),P,-,-,-,-,-,-,-
2025,New York Yankees,-,-,-,642216,Allan Winans(RHP),P,-,-,-,-,-,-,-
2025,New York Yankees,-,-,-,663765,Jake Woodford(RHP),P,-,-,-,-,-,-,-
2025,New York Yankees,-,-,-,605335,Brandon Leibrandt(LHP),P,-,-,-,-,-,-,-
2025,Philadelphia Phillies,-,-,-,805249,"Otto Kemp(3B, RHH)",IF,-,-,-,-,-,-,-
2025,Pittsburgh Pirates,-,-,-,682650,"Malcom Nunez(3B, RHH)",IF,-,-,-,-,-,-,-
2025,Pittsburgh Pirates,-,-,-,677952,Braxton Ashcraft(RHP),P,-,-,-,-,-,-,-
2025,San Diego Padres,-,-,-,666785,Harold Chirino(RHP),P,-,-,-,-,-,-,-
2025,San Diego Padres,-,-,-,660757,"Oscar Gonzalez(RF, RHH)",OF,-,-,-,-,-,-,-
2025,San Diego Padres,-,-,-,656582,"Connor Joe(1B, RHH)",IF,-,-,-,-,-,-,-
2025,San Diego Padres,-,-,-,663568,Stephen Kolek(RHP),P,-,-,-,-,-,-,-
2025,Seattle Mariners,-,-,-,646242,Jhonathan Diaz(LHP),P,-,-,-,-,-,-,-
2025,St. Louis Cardinals,-,-,-,676480,"Jose Barrero(SS, RHH)",IF,-,-,-,-,-,-,-
2025,Texas Rangers,-,-,-,656641,Jacob Latz(LHP),P,-,-,-,-,-,-,-
2025,Texas Rangers,-,-,-,605288,Adrian Houser(RHP),P,-,-,-,-,-,-,-
2025,Texas Rangers,-,-,-,688760,"Blaine Crim(1B, RHH)",IF,-,-,-,-,-,-,-
2025,Texas Rangers,-,-,-,676961,Caleb Boushley(RHP),P,-,-,-,-,-,-,-
2025,Texas Rangers,-,-,-,657022,Trey Supak(RHP),P,-,-,-,-,-,-,-
2025,Milwaukee Brewers,-,-,-,669145,Bruce Zimmermann(LHP),P,-,-,-,-,-,-,-
